# Blender 5.1.0
# www.blender.org
mtllib wizardofoz.mtl
o Cylinder
v 4.339641 1.420127 -1.355726
v 4.339641 4.344936 -0.929933
v 4.562786 1.420127 -1.337236
v 4.492703 4.344936 -0.917250
v 4.779845 1.420127 -1.282269
v 4.641590 4.344936 -0.879546
v 4.984896 1.420127 -1.192326
v 4.782240 4.344936 -0.817851
v 5.172346 1.420127 -1.069859
v 4.910818 4.344936 -0.733847
v 5.337081 1.420127 -0.918209
v 5.023815 4.344936 -0.629826
v 5.474610 1.420127 -0.741512
v 5.118149 4.344936 -0.508625
v 5.581179 1.420127 -0.544589
v 5.191249 4.344936 -0.373550
v 5.653883 1.420127 -0.332811
v 5.241118 4.344936 -0.228285
v 5.690737 1.420127 -0.111955
v 5.266397 4.344936 -0.076793
v 5.690737 1.420127 0.111955
v 5.266397 4.344936 0.076793
v 5.653883 1.420127 0.332811
v 5.241118 4.344936 0.228285
v 5.581179 1.420127 0.544589
v 5.191249 4.344936 0.373550
v 5.474610 1.420127 0.741512
v 5.118149 4.344936 0.508625
v 5.337081 1.420127 0.918209
v 5.023815 4.344936 0.629826
v 5.172346 1.420127 1.069859
v 4.910818 4.344936 0.733847
v 4.984896 1.420127 1.192326
v 4.782240 4.344936 0.817851
v 4.779845 1.420127 1.282269
v 4.641590 4.344936 0.879546
v 4.562786 1.420127 1.337236
v 4.492703 4.344936 0.917250
v 4.339641 1.420127 1.355726
v 4.339641 4.344936 0.929933
v 4.116496 1.420127 1.337236
v 4.186579 4.344936 0.917250
v 3.899437 1.420127 1.282269
v 4.037693 4.344936 0.879546
v 3.694387 1.420127 1.192326
v 3.897042 4.344936 0.817851
v 3.506937 1.420127 1.069859
v 3.768465 4.344936 0.733847
v 3.342201 1.420127 0.918209
v 3.655468 4.344936 0.629826
v 3.204672 1.420127 0.741512
v 3.561133 4.344936 0.508625
v 3.098103 1.420127 0.544589
v 3.488034 4.344936 0.373550
v 3.025400 1.420127 0.332811
v 3.438164 4.344936 0.228285
v 2.988545 1.420127 0.111955
v 3.412885 4.344936 0.076793
v 2.988545 1.420127 -0.111955
v 3.412885 4.344936 -0.076793
v 3.025400 1.420127 -0.332811
v 3.438164 4.344936 -0.228285
v 3.098103 1.420127 -0.544589
v 3.488034 4.344936 -0.373550
v 3.204672 1.420127 -0.741512
v 3.561133 4.344936 -0.508625
v 3.342201 1.420127 -0.918209
v 3.655468 4.344936 -0.629826
v 3.506937 1.420127 -1.069859
v 3.768465 4.344936 -0.733847
v 3.694387 1.420127 -1.192326
v 3.897042 4.344936 -0.817851
v 3.899437 1.420127 -1.282269
v 4.037693 4.344936 -0.879546
v 4.116496 1.420127 -1.337236
v 4.186579 4.344936 -0.917250
v 4.339641 1.427677 -1.123319
v 4.524533 1.427677 -1.107999
v 4.704382 1.427677 -1.062455
v 4.874282 1.427677 -0.987930
v 5.029598 1.427677 -0.886457
v 5.166094 1.427677 -0.760803
v 5.280046 1.427677 -0.614397
v 5.368347 1.427677 -0.451232
v 5.428587 1.427677 -0.275759
v 5.459124 1.427677 -0.092763
v 5.459124 1.427677 0.092763
v 5.428587 1.427677 0.275759
v 5.368347 1.427677 0.451232
v 5.280046 1.427677 0.614397
v 5.166094 1.427677 0.760803
v 5.029598 1.427677 0.886457
v 4.874282 1.427677 0.987930
v 4.704382 1.427677 1.062455
v 4.524533 1.427677 1.107999
v 4.339641 1.427677 1.123319
v 4.154749 1.427677 1.107999
v 3.974900 1.427677 1.062455
v 3.805000 1.427677 0.987930
v 3.649684 1.427677 0.886457
v 3.513188 1.427677 0.760803
v 3.399236 1.427677 0.614397
v 3.310935 1.427677 0.451232
v 3.250695 1.427677 0.275759
v 3.220159 1.427677 0.092763
v 3.220159 1.427677 -0.092763
v 3.250695 1.427677 -0.275759
v 3.310935 1.427677 -0.451232
v 3.399236 1.427677 -0.614397
v 3.513188 1.427677 -0.760803
v 3.649684 1.427677 -0.886457
v 3.805000 1.427677 -0.987930
v 3.974900 1.427677 -1.062455
v 4.154749 1.427677 -1.107999
v 4.339641 1.003559 -1.614777
v 4.605425 1.003559 -1.592754
v 4.863958 1.003559 -1.527284
v 5.108190 1.003559 -1.420154
v 5.331458 1.003559 -1.274286
v 5.527671 1.003559 -1.093659
v 5.691479 1.003559 -0.883199
v 5.818411 1.003559 -0.648649
v 5.905006 1.003559 -0.396404
v 5.948903 1.003559 -0.133347
v 5.948903 1.003559 0.133347
v 5.905006 1.003559 0.396404
v 5.818411 1.003559 0.648649
v 5.691479 1.003559 0.883199
v 5.527671 1.003559 1.093659
v 5.331458 1.003559 1.274286
v 5.108190 1.003559 1.420154
v 4.863958 1.003559 1.527284
v 4.605425 1.003559 1.592754
v 4.339641 1.003559 1.614777
v 4.073857 1.003559 1.592754
v 3.815324 1.003559 1.527284
v 3.571092 1.003559 1.420154
v 3.347824 1.003559 1.274286
v 3.151611 1.003559 1.093659
v 2.987803 1.003559 0.883199
v 2.860871 1.003559 0.648649
v 2.774276 1.003559 0.396404
v 2.730379 1.003559 0.133347
v 2.730379 1.003559 -0.133347
v 2.774276 1.003559 -0.396404
v 2.860871 1.003559 -0.648649
v 2.987803 1.003559 -0.883199
v 3.151611 1.003559 -1.093659
v 3.347824 1.003559 -1.274286
v 3.571092 1.003559 -1.420154
v 3.815324 1.003559 -1.527284
v 4.073857 1.003559 -1.592754
v 4.339641 0.371015 -1.614777
v 4.605425 0.371015 -1.592754
v 4.863958 0.371015 -1.527284
v 5.108190 0.371015 -1.420154
v 5.331458 0.371015 -1.274286
v 5.527671 0.371015 -1.093659
v 5.691479 0.371015 -0.883199
v 5.818411 0.371015 -0.648649
v 5.905006 0.371015 -0.396404
v 5.948903 0.371015 -0.133347
v 5.948903 0.371015 0.133347
v 5.905006 0.371015 0.396404
v 5.818411 0.371015 0.648649
v 5.691479 0.371015 0.883199
v 5.527671 0.371015 1.093659
v 5.331458 0.371015 1.274286
v 5.108190 0.371015 1.420154
v 4.863958 0.371015 1.527284
v 4.605425 0.371015 1.592754
v 4.339641 0.371015 1.614777
v 4.073857 0.371015 1.592754
v 3.815324 0.371015 1.527284
v 3.571092 0.371015 1.420154
v 3.347824 0.371015 1.274286
v 3.151611 0.371015 1.093659
v 2.987803 0.371015 0.883199
v 2.860871 0.371015 0.648649
v 2.774276 0.371015 0.396404
v 2.730379 0.371015 0.133347
v 2.730379 0.371015 -0.133347
v 2.774276 0.371015 -0.396404
v 2.860871 0.371015 -0.648649
v 2.987803 0.371015 -0.883199
v 3.151611 0.371015 -1.093659
v 3.347824 0.371015 -1.274286
v 3.571092 0.371015 -1.420154
v 3.815324 0.371015 -1.527284
v 4.073857 0.371015 -1.592754
v 4.562818 1.025698 1.337425
v 4.779907 1.025698 1.282451
v 3.025214 1.025698 0.332858
v 3.097928 1.025698 0.544666
v 3.899375 1.025698 -1.282451
v 3.694295 1.025698 -1.192494
v 5.337222 1.025698 -0.918338
v 5.172463 1.025698 -1.070010
v 5.337222 1.025698 0.918338
v 5.474770 1.025698 0.741617
v 3.506819 1.025698 1.070010
v 3.694295 1.025698 1.192494
v 4.562818 1.025698 -1.337425
v 4.339641 1.025698 -1.355918
v 3.204512 1.025698 -0.741617
v 3.097928 1.025698 -0.544666
v 5.690928 1.025698 0.111971
v 5.690928 1.025698 -0.111971
v 4.339641 1.025698 1.355918
v 2.988354 1.025698 0.111971
v 4.116464 1.025698 -1.337425
v 5.474770 1.025698 -0.741617
v 5.172463 1.025698 1.070010
v 3.342060 1.025698 0.918338
v 3.342060 1.025698 -0.918338
v 4.779907 1.025698 -1.282451
v 5.654068 1.025698 0.332858
v 4.116464 1.025698 1.337425
v 2.988354 1.025698 -0.111971
v 5.581355 1.025698 -0.544666
v 4.984987 1.025698 1.192494
v 3.204512 1.025698 0.741617
v 3.506819 1.025698 -1.070010
v 4.984987 1.025698 -1.192494
v 5.581355 1.025698 0.544666
v 3.899375 1.025698 1.282451
v 3.025214 1.025698 -0.332858
v 5.654068 1.025698 -0.332858
v 4.339641 4.038218 -0.795994
v 4.470657 4.038218 -0.785138
v 4.598100 4.038218 -0.752865
v 4.718493 4.038218 -0.700056
v 4.828551 4.038218 -0.628151
v 4.925273 4.038218 -0.539112
v 5.006021 4.038218 -0.435367
v 5.068591 4.038218 -0.319747
v 5.111278 4.038218 -0.195405
v 5.132916 4.038218 -0.065733
v 5.132916 4.038218 0.065733
v 5.111278 4.038218 0.195405
v 5.068591 4.038218 0.319747
v 5.006021 4.038218 0.435367
v 4.925273 4.038218 0.539112
v 4.828551 4.038218 0.628151
v 4.718493 4.038218 0.700056
v 4.598100 4.038218 0.752865
v 4.470657 4.038218 0.785138
v 4.339641 4.038218 0.795994
v 4.208625 4.038218 0.785138
v 4.081182 4.038218 0.752865
v 3.960790 4.038218 0.700056
v 3.850731 4.038218 0.628151
v 3.754009 4.038218 0.539112
v 3.673262 4.038218 0.435367
v 3.610691 4.038218 0.319747
v 3.568004 4.038218 0.195405
v 3.546366 4.038218 0.065733
v 3.546366 4.038218 -0.065733
v 3.568004 4.038218 -0.195405
v 3.610691 4.038218 -0.319747
v 3.673262 4.038218 -0.435367
v 3.754009 4.038218 -0.539112
v 3.850731 4.038218 -0.628151
v 3.960790 4.038218 -0.700056
v 4.081182 4.038218 -0.752865
v 4.208625 4.038218 -0.785138
v 4.339641 4.039297 -0.927853
v 4.492361 4.039297 -0.915198
v 4.640914 4.039297 -0.877579
v 4.781250 4.039297 -0.816022
v 4.909540 4.039297 -0.732206
v 5.022285 4.039297 -0.628418
v 5.116408 4.039297 -0.507487
v 5.189344 4.039297 -0.372714
v 5.239102 4.039297 -0.227774
v 5.264325 4.039297 -0.076621
v 5.264325 4.039297 0.076621
v 5.239102 4.039297 0.227774
v 5.189344 4.039297 0.372714
v 5.116408 4.039297 0.507487
v 5.022285 4.039297 0.628418
v 4.909540 4.039297 0.732206
v 4.781250 4.039297 0.816022
v 4.640914 4.039297 0.877579
v 4.492361 4.039297 0.915198
v 4.339641 4.039297 0.927853
v 4.186922 4.039297 0.915198
v 4.038368 4.039297 0.877579
v 3.898032 4.039297 0.816022
v 3.769742 4.039297 0.732206
v 3.656998 4.039297 0.628418
v 3.562874 4.039297 0.507487
v 3.489938 4.039297 0.372714
v 3.440180 4.039297 0.227774
v 3.414958 4.039297 0.076621
v 3.414958 4.039297 -0.076621
v 3.440180 4.039297 -0.227774
v 3.489938 4.039297 -0.372714
v 3.562874 4.039297 -0.507487
v 3.656998 4.039297 -0.628418
v 3.769742 4.039297 -0.732206
v 3.898032 4.039297 -0.816022
v 4.038368 4.039297 -0.877579
v 4.186922 4.039297 -0.915198
v 4.457556 3.612525 -0.706624
v 4.450183 3.177434 -0.662444
v 4.466657 2.307254 -0.761165
v 4.496377 1.872164 -0.939265
v 4.572254 3.612525 -0.677578
v 4.557711 3.177434 -0.635215
v 4.590209 2.307254 -0.729878
v 4.648837 1.872164 -0.900657
v 4.680607 3.612525 -0.630050
v 4.659289 3.177434 -0.590658
v 4.706925 2.307254 -0.678681
v 4.792863 1.872164 -0.837481
v 4.779660 3.612525 -0.565336
v 4.752149 3.177434 -0.529990
v 4.813623 2.307254 -0.608972
v 4.924527 1.872164 -0.751461
v 4.866710 3.612525 -0.485201
v 4.833756 3.177434 -0.454865
v 4.907392 2.307254 -0.522651
v 5.040236 1.872164 -0.644943
v 4.939383 3.612525 -0.391831
v 4.901886 3.177434 -0.367333
v 4.985674 2.307254 -0.422075
v 5.136835 1.872164 -0.520833
v 4.995696 3.612525 -0.287772
v 4.954678 3.177434 -0.269780
v 5.046334 2.307254 -0.309984
v 5.211689 1.872164 -0.382516
v 5.034114 3.612525 -0.175864
v 4.990694 3.177434 -0.164869
v 5.087718 2.307254 -0.189439
v 5.262755 1.872164 -0.233764
v 5.053589 3.612525 -0.059159
v 5.008951 3.177434 -0.055461
v 5.108696 2.307254 -0.063726
v 5.288641 1.872164 -0.078636
v 5.053589 3.612525 0.059159
v 5.008951 3.177434 0.055461
v 5.108696 2.307254 0.063726
v 5.288641 1.872164 0.078636
v 5.034114 3.612525 0.175864
v 4.990694 3.177434 0.164869
v 5.087718 2.307254 0.189439
v 5.262755 1.872164 0.233764
v 4.995696 3.612525 0.287772
v 4.954678 3.177434 0.269780
v 5.046334 2.307254 0.309984
v 5.211689 1.872164 0.382516
v 4.939383 3.612525 0.391831
v 4.901886 3.177434 0.367333
v 4.985674 2.307254 0.422075
v 5.136835 1.872164 0.520833
v 4.866710 3.612525 0.485201
v 4.833756 3.177434 0.454865
v 4.907392 2.307254 0.522651
v 5.040236 1.872164 0.644943
v 4.779660 3.612525 0.565336
v 4.752149 3.177434 0.529990
v 4.813623 2.307254 0.608972
v 4.924527 1.872164 0.751461
v 4.680607 3.612525 0.630050
v 4.659289 3.177434 0.590658
v 4.706925 2.307254 0.678681
v 4.792863 1.872164 0.837481
v 4.572254 3.612525 0.677578
v 4.557711 3.177434 0.635215
v 4.590209 2.307254 0.729878
v 4.648837 1.872164 0.900657
v 4.457556 3.612525 0.706624
v 4.450183 3.177434 0.662444
v 4.466657 2.307254 0.761165
v 4.496377 1.872164 0.939265
v 4.339641 3.612525 0.716394
v 4.339641 3.177434 0.671604
v 4.339641 2.307254 0.771690
v 4.339641 1.872164 0.952253
v 4.221726 3.612525 0.706624
v 4.229099 3.177434 0.662444
v 4.212625 2.307254 0.761165
v 4.182905 1.872164 0.939265
v 4.107028 3.612525 0.677578
v 4.121572 3.177434 0.635215
v 4.089074 2.307254 0.729878
v 4.030445 1.872164 0.900657
v 3.998675 3.612525 0.630050
v 4.019993 3.177434 0.590658
v 3.972357 2.307254 0.678681
v 3.886419 1.872164 0.837481
v 3.899622 3.612525 0.565336
v 3.927133 3.177434 0.529990
v 3.865659 2.307254 0.608972
v 3.754755 1.872164 0.751461
v 3.812572 3.612525 0.485201
v 3.845526 3.177434 0.454865
v 3.771890 2.307254 0.522651
v 3.639046 1.872164 0.644943
v 3.739900 3.612525 0.391831
v 3.777397 3.177434 0.367333
v 3.693608 2.307254 0.422075
v 3.542447 1.872164 0.520833
v 3.683586 3.612525 0.287772
v 3.724604 3.177434 0.269780
v 3.632948 2.307254 0.309984
v 3.467593 1.872164 0.382516
v 3.645168 3.612525 0.175864
v 3.688588 3.177434 0.164869
v 3.591564 2.307254 0.189439
v 3.416527 1.872164 0.233764
v 3.625694 3.612525 0.059159
v 3.670331 3.177434 0.055461
v 3.570587 2.307254 0.063726
v 3.390641 1.872164 0.078636
v 3.625694 3.612525 -0.059159
v 3.670331 3.177434 -0.055461
v 3.570587 2.307254 -0.063726
v 3.390641 1.872164 -0.078636
v 3.645168 3.612525 -0.175864
v 3.688588 3.177434 -0.164869
v 3.591564 2.307254 -0.189439
v 3.416527 1.872164 -0.233764
v 3.683586 3.612525 -0.287772
v 3.724604 3.177434 -0.269780
v 3.632948 2.307254 -0.309984
v 3.467593 1.872164 -0.382516
v 3.739900 3.612525 -0.391831
v 3.777397 3.177434 -0.367333
v 3.693608 2.307254 -0.422075
v 3.542447 1.872164 -0.520833
v 3.812572 3.612525 -0.485201
v 3.845526 3.177434 -0.454865
v 3.771890 2.307254 -0.522651
v 3.639046 1.872164 -0.644943
v 3.899622 3.612525 -0.565336
v 3.927133 3.177434 -0.529990
v 3.865659 2.307254 -0.608972
v 3.754755 1.872164 -0.751461
v 3.998675 3.612525 -0.630050
v 4.019993 3.177434 -0.590658
v 3.972357 2.307254 -0.678681
v 3.886419 1.872164 -0.837481
v 4.107028 3.612525 -0.677578
v 4.121572 3.177434 -0.635215
v 4.089074 2.307254 -0.729878
v 4.030445 1.872164 -0.900657
v 4.221726 3.612525 -0.706624
v 4.229099 3.177434 -0.662444
v 4.212625 2.307254 -0.761165
v 4.182905 1.872164 -0.939265
v 4.339641 1.872164 -0.952253
v 4.339641 2.307254 -0.771690
v 4.339641 3.177434 -0.671604
v 4.339641 3.612525 -0.716394
v 4.450060 2.649609 -0.661706
v 4.557467 2.649609 -0.634507
v 4.658933 2.649609 -0.590000
v 4.751689 2.649609 -0.529399
v 4.833206 2.649609 -0.454358
v 4.901259 2.649609 -0.366923
v 4.953993 2.649609 -0.269480
v 4.989969 2.649609 -0.164685
v 5.008205 2.649609 -0.055399
v 5.008205 2.649609 0.055399
v 4.989969 2.649609 0.164685
v 4.953993 2.649609 0.269480
v 4.901259 2.649609 0.366923
v 4.833206 2.649609 0.454358
v 4.751689 2.649609 0.529399
v 4.658933 2.649609 0.590000
v 4.557467 2.649609 0.634507
v 4.450060 2.649609 0.661706
v 4.339641 2.649609 0.670856
v 4.229222 2.649609 0.661706
v 4.121815 2.649609 0.634507
v 4.020349 2.649609 0.590000
v 3.927593 2.649609 0.529399
v 3.846076 2.649609 0.454358
v 3.778023 2.649609 0.366923
v 3.725289 2.649609 0.269480
v 3.689313 2.649609 0.164685
v 3.671077 2.649609 0.055399
v 3.671077 2.649609 -0.055399
v 3.689313 2.649609 -0.164685
v 3.725289 2.649609 -0.269480
v 3.778023 2.649609 -0.366923
v 3.846076 2.649609 -0.454358
v 3.927593 2.649609 -0.529399
v 4.020349 2.649609 -0.590000
v 4.121815 2.649609 -0.634507
v 4.229222 2.649609 -0.661706
v 4.339641 2.649609 -0.670856
v 4.446749 2.853906 -0.641862
v 4.550935 2.853906 -0.615479
v 4.649358 2.853906 -0.572307
v 4.739332 2.853906 -0.513523
v 4.818404 2.853906 -0.440733
v 4.884417 2.853906 -0.355920
v 4.935569 2.853906 -0.261398
v 4.970466 2.853906 -0.159747
v 4.988156 2.853906 -0.053737
v 4.988156 2.853906 0.053737
v 4.970466 2.853906 0.159747
v 4.935569 2.853906 0.261398
v 4.884417 2.853906 0.355920
v 4.818404 2.853906 0.440733
v 4.739332 2.853906 0.513523
v 4.649358 2.853906 0.572307
v 4.550935 2.853906 0.615479
v 4.446749 2.853906 0.641862
v 4.339641 2.853906 0.650738
v 4.232533 2.853906 0.641862
v 4.128347 2.853906 0.615479
v 4.029924 2.853906 0.572307
v 3.939950 2.853906 0.513523
v 3.860878 2.853906 0.440733
v 3.794865 2.853906 0.355920
v 3.743713 2.853906 0.261398
v 3.708816 2.853906 0.159747
v 3.691126 2.853906 0.053737
v 3.691126 2.853906 -0.053737
v 3.708816 2.853906 -0.159747
v 3.743713 2.853906 -0.261398
v 3.794865 2.853906 -0.355920
v 3.860878 2.853906 -0.440733
v 3.939950 2.853906 -0.513523
v 4.029924 2.853906 -0.572307
v 4.128347 2.853906 -0.615479
v 4.232533 2.853906 -0.641862
v 4.339641 2.853906 -0.650738
vn 0.0826 -0.0068 -0.9966
vn 0.2455 -0.0068 -0.9694
vn 0.4017 -0.0068 -0.9158
vn 0.5469 -0.0068 -0.8371
vn 0.6773 -0.0068 -0.7357
vn 0.7891 -0.0068 -0.6142
vn 0.8795 -0.0068 -0.4759
vn 0.9458 -0.0068 -0.3247
vn 0.9863 -0.0068 -0.1646
vn 1.0000 -0.0068 -0.0000
vn 0.9863 -0.0068 0.1646
vn 0.9458 -0.0068 0.3247
vn 0.8795 -0.0068 0.4759
vn 0.7891 -0.0068 0.6142
vn 0.6773 -0.0068 0.7357
vn 0.5469 -0.0068 0.8371
vn 0.4017 -0.0068 0.9158
vn 0.2455 -0.0068 0.9694
vn 0.0826 -0.0068 0.9966
vn -0.2455 -0.0068 0.9694
vn -0.0792 0.2816 0.9562
vn -0.5469 -0.0068 0.8371
vn -0.6773 -0.0068 0.7357
vn -0.7891 -0.0068 0.6142
vn -0.8795 -0.0068 0.4759
vn -0.9458 -0.0068 0.3247
vn -0.9863 -0.0068 0.1646
vn -1.0000 -0.0068 -0.0000
vn -0.9863 -0.0068 -0.1646
vn -0.9458 -0.0068 -0.3247
vn -0.8795 -0.0068 -0.4759
vn -0.7891 -0.0068 -0.6142
vn -0.6773 -0.0068 -0.7357
vn -0.5469 -0.0068 -0.8371
vn -0.4017 -0.0068 -0.9158
vn -0.0000 1.0000 -0.0000
vn -0.2455 -0.0068 -0.9694
vn -0.0826 -0.0068 -0.9966
vn 0.0210 0.9963 0.0829
vn -0.0027 0.9995 -0.0325
vn -0.0080 0.9995 -0.0316
vn -0.0131 0.9995 -0.0298
vn -0.0178 0.9995 -0.0273
vn -0.0221 0.9995 -0.0240
vn -0.0257 0.9995 -0.0200
vn -0.0287 0.9995 -0.0155
vn -0.0308 0.9995 -0.0106
vn -0.0321 0.9995 -0.0054
vn -0.0326 0.9995 -0.0000
vn -0.0321 0.9995 0.0054
vn -0.0308 0.9995 0.0106
vn -0.0287 0.9995 0.0155
vn -0.0257 0.9995 0.0200
vn -0.0221 0.9995 0.0240
vn -0.0178 0.9995 0.0273
vn -0.4017 -0.0068 0.9158
vn -0.0080 0.9995 0.0316
vn -0.0826 -0.0068 0.9966
vn 0.0027 0.9995 0.0325
vn 0.0080 0.9995 0.0316
vn 0.0131 0.9995 0.0298
vn 0.0178 0.9995 0.0273
vn 0.0221 0.9995 0.0240
vn 0.0257 0.9995 0.0200
vn 0.0287 0.9995 0.0155
vn 0.0308 0.9995 0.0106
vn 0.0321 0.9995 0.0054
vn 0.0326 0.9995 -0.0000
vn 0.0321 0.9995 -0.0054
vn 0.0308 0.9995 -0.0106
vn 0.0287 0.9995 -0.0155
vn 0.0257 0.9995 -0.0200
vn 0.0221 0.9995 -0.0240
vn 0.0178 0.9995 -0.0273
vn 0.0131 0.9995 -0.0298
vn 0.0080 0.9995 -0.0316
vn 0.0027 0.9995 -0.0325
vn 0.6773 -0.0000 -0.7357
vn -0.0809 0.9963 0.0278
vn -0.0343 0.9963 -0.0783
vn 0.0579 0.9963 -0.0629
vn 0.0675 0.9963 0.0525
vn -0.0468 0.9963 0.0716
vn 0.0071 0.9963 -0.0852
vn -0.0752 0.9963 -0.0407
vn 0.0855 0.9963 -0.0000
vn 0.0071 0.9963 0.0852
vn -0.0843 0.9963 0.0141
vn -0.0210 0.9963 -0.0829
vn 0.0675 0.9963 -0.0525
vn 0.0579 0.9963 0.0629
vn -0.0579 0.9963 0.0629
vn -0.0675 0.9963 -0.0525
vn 0.0210 0.9963 -0.0829
vn 0.0843 0.9963 0.0141
vn -0.0027 0.9995 0.0325
vn -0.0855 0.9963 -0.0000
vn -0.0071 0.9963 -0.0852
vn 0.0752 0.9963 -0.0407
vn 0.0468 0.9963 0.0716
vn -0.0675 0.9963 0.0525
vn -0.0579 0.9963 -0.0629
vn 0.0343 0.9963 -0.0783
vn 0.0809 0.9963 0.0278
vn -0.0210 0.9963 0.0829
vn -0.0843 0.9963 -0.0141
vn 0.0809 0.9963 -0.0278
vn 0.0343 0.9963 0.0783
vn -0.0752 0.9963 0.0407
vn -0.0468 0.9963 -0.0716
vn 0.0468 0.9963 -0.0716
vn 0.0752 0.9963 0.0407
vn -0.0131 0.9995 0.0298
vn -0.0809 0.9963 -0.0278
vn 0.0843 0.9963 -0.0141
vn -0.0000 -1.0000 -0.0000
vn -0.8795 -0.0000 -0.4759
vn 0.0826 -0.0000 0.9966
vn 0.7891 -0.0000 -0.6142
vn -0.7891 -0.0000 -0.6142
vn -0.0071 0.9963 0.0852
vn 0.8795 -0.0000 -0.4759
vn -0.6773 -0.0000 -0.7357
vn -0.2455 -0.0000 0.9694
vn 0.9458 -0.0000 -0.3247
vn -0.5469 -0.0000 -0.8372
vn -0.0343 0.9963 0.0783
vn 0.9864 -0.0000 -0.1646
vn -0.4017 -0.0000 -0.9158
vn -0.5469 -0.0000 0.8372
vn 1.0000 -0.0000 -0.0000
vn -0.2455 -0.0000 -0.9694
vn -0.6773 -0.0000 0.7357
vn 0.9864 -0.0000 0.1646
vn -0.0826 -0.0000 -0.9966
vn -0.7891 -0.0000 0.6142
vn 0.9458 -0.0000 0.3247
vn -0.8795 -0.0000 0.4759
vn 0.8795 -0.0000 0.4759
vn -0.9458 -0.0000 0.3247
vn 0.7891 -0.0000 0.6142
vn 0.0826 -0.0000 -0.9966
vn -0.9864 -0.0000 0.1646
vn 0.6773 -0.0000 0.7357
vn 0.2455 -0.0000 -0.9694
vn -1.0000 -0.0000 -0.0000
vn 0.5469 -0.0000 0.8372
vn 0.4017 -0.0000 -0.9158
vn -0.9864 -0.0000 -0.1646
vn 0.4017 -0.0000 0.9158
vn 0.5469 -0.0000 -0.8372
vn -0.9458 -0.0000 -0.3247
vn 0.2455 -0.0000 0.9694
vn 0.9864 0.0005 -0.1646
vn -0.9458 0.0005 -0.3247
vn -0.4017 -0.0000 0.9158
vn 0.8795 0.0005 0.4759
vn 0.5469 0.0005 -0.8372
vn -0.5469 0.0005 -0.8372
vn -0.8795 0.0005 0.4759
vn 0.4017 0.0005 0.9158
vn 0.9458 0.0005 -0.3247
vn -0.9864 0.0005 -0.1646
vn -0.2455 0.0005 0.9694
vn 0.9458 0.0005 0.3247
vn 0.4017 0.0005 -0.9158
vn -0.6773 0.0005 -0.7357
vn -0.7891 0.0005 0.6142
vn 0.5469 0.0005 0.8372
vn 0.8795 0.0005 -0.4759
vn -0.0826 0.0005 -0.9966
vn -1.0000 0.0005 -0.0000
vn -0.0826 -0.0000 0.9966
vn 0.9864 0.0005 0.1646
vn 0.2455 0.0005 -0.9694
vn -0.7891 0.0005 -0.6142
vn -0.6773 0.0005 0.7357
vn 0.6773 0.0005 0.7357
vn 0.7891 0.0005 -0.6142
vn -0.2455 0.0005 -0.9694
vn -0.9864 0.0005 0.1646
vn 0.0826 0.0005 0.9966
vn 1.0000 0.0005 -0.0000
vn -0.8795 0.0005 -0.4759
vn 0.0826 0.0005 -0.9966
vn -0.5469 0.0005 0.8372
vn 0.7891 0.0005 0.6142
vn 0.6773 0.0005 -0.7357
vn -0.4017 0.0005 -0.9158
vn -0.9458 0.0005 0.3247
vn 0.2455 0.0005 0.9694
vn -0.0812 -0.1832 -0.9797
vn -0.2413 -0.1832 -0.9530
vn -0.3949 -0.1832 -0.9003
vn -0.5377 -0.1832 -0.8230
vn -0.6658 -0.1832 -0.7233
vn -0.7758 -0.1832 -0.6038
vn -0.8646 -0.1832 -0.4679
vn -0.9298 -0.1832 -0.3192
vn -0.9697 -0.1832 -0.1618
vn -0.9831 -0.1832 -0.0000
vn -0.9697 -0.1832 0.1618
vn -0.9298 -0.1832 0.3192
vn -0.8646 -0.1832 0.4679
vn -0.7758 -0.1832 0.6038
vn -0.6658 -0.1832 0.7233
vn -0.5377 -0.1832 0.8230
vn -0.4017 0.0005 0.9158
vn -0.2413 -0.1832 0.9530
vn -0.0826 0.0005 0.9966
vn 0.0812 -0.1832 0.9797
vn 0.2413 -0.1832 0.9530
vn 0.3949 -0.1832 0.9003
vn 0.5377 -0.1832 0.8230
vn 0.6658 -0.1832 0.7233
vn 0.7758 -0.1832 0.6038
vn 0.8646 -0.1832 0.4679
vn 0.9298 -0.1832 0.3192
vn 0.9697 -0.1832 0.1618
vn 0.9831 -0.1832 -0.0000
vn 0.9697 -0.1832 -0.1618
vn 0.9298 -0.1832 -0.3192
vn 0.8646 -0.1832 -0.4679
vn 0.7758 -0.1832 -0.6038
vn 0.6658 -0.1832 -0.7233
vn 0.5377 -0.1832 -0.8230
vn 0.3949 -0.1832 -0.9003
vn 0.2413 -0.1832 -0.9530
vn 0.0812 -0.1832 -0.9797
vn -0.0007 -1.0000 -0.0082
vn -0.0020 -1.0000 -0.0080
vn -0.0033 -1.0000 -0.0075
vn -0.0045 -1.0000 -0.0069
vn -0.0056 -1.0000 -0.0060
vn -0.0065 -1.0000 -0.0050
vn -0.0072 -1.0000 -0.0039
vn -0.0078 -1.0000 -0.0027
vn -0.0081 -1.0000 -0.0013
vn -0.0082 -1.0000 -0.0000
vn -0.0081 -1.0000 0.0013
vn -0.0078 -1.0000 0.0027
vn -0.0072 -1.0000 0.0039
vn -0.0065 -1.0000 0.0050
vn -0.0056 -1.0000 0.0060
vn -0.0045 -1.0000 0.0069
vn -0.3949 -0.1832 0.9003
vn -0.0020 -1.0000 0.0080
vn -0.0812 -0.1832 0.9797
vn 0.0007 -1.0000 0.0082
vn 0.0020 -1.0000 0.0080
vn 0.0033 -1.0000 0.0075
vn 0.0045 -1.0000 0.0069
vn 0.0056 -1.0000 0.0060
vn 0.0065 -1.0000 0.0050
vn 0.0072 -1.0000 0.0039
vn 0.0078 -1.0000 0.0027
vn 0.0081 -1.0000 0.0013
vn 0.0082 -1.0000 -0.0000
vn 0.0081 -1.0000 -0.0013
vn 0.0078 -1.0000 -0.0027
vn 0.0072 -1.0000 -0.0039
vn 0.0065 -1.0000 -0.0050
vn 0.0056 -1.0000 -0.0060
vn 0.0045 -1.0000 -0.0069
vn 0.0033 -1.0000 -0.0075
vn 0.0020 -1.0000 -0.0080
vn 0.0007 -1.0000 -0.0082
vn 0.0771 0.3581 -0.9305
vn 0.0763 0.3822 -0.9209
vn 0.2443 0.0977 -0.9648
vn 0.0824 -0.0641 -0.9945
vn 0.0821 -0.1021 -0.9914
vn 0.2292 0.3581 -0.9051
vn 0.2268 0.3822 -0.8958
vn 0.3998 0.0977 -0.9114
vn 0.2450 -0.0641 -0.9674
vn 0.2442 -0.1021 -0.9643
vn 0.3751 0.3581 -0.8550
vn 0.3712 0.3822 -0.8463
vn 0.5443 0.0977 -0.8332
vn 0.4009 -0.0641 -0.9139
vn 0.3996 -0.1021 -0.9110
vn 0.5107 0.3581 -0.7816
vn 0.5054 0.3822 -0.7736
vn 0.6740 0.0977 -0.7322
vn 0.5458 -0.0641 -0.8354
vn 0.5441 -0.1021 -0.8328
vn 0.6324 0.3581 -0.6869
vn 0.6259 0.3822 -0.6799
vn 0.7854 0.0977 -0.6113
vn 0.6759 -0.0641 -0.7342
vn 0.6737 -0.1021 -0.7319
vn 0.7368 0.3581 -0.5735
vn 0.7292 0.3822 -0.5676
vn 0.8753 0.0977 -0.4737
vn 0.7875 -0.0641 -0.6129
vn 0.7850 -0.1021 -0.6110
vn 0.8211 0.3581 -0.4444
vn 0.8127 0.3822 -0.4398
vn 0.9413 0.0977 -0.3231
vn 0.8777 -0.0641 -0.4750
vn 0.8749 -0.1021 -0.4735
vn 0.8831 0.3581 -0.3032
vn 0.8740 0.3822 -0.3001
vn 0.9816 0.0977 -0.1638
vn 0.9439 -0.0641 -0.3240
vn 0.9409 -0.1021 -0.3230
vn 0.9209 0.3581 -0.1537
vn 0.9115 0.3822 -0.1521
vn 0.9952 0.0977 -0.0000
vn 0.9843 -0.0641 -0.1643
vn 0.9812 -0.1021 -0.1637
vn 0.9337 0.3581 -0.0000
vn 0.9241 0.3822 -0.0000
vn 0.9816 0.0977 0.1638
vn 0.9979 -0.0641 -0.0000
vn 0.9948 -0.1021 -0.0000
vn 0.9209 0.3581 0.1537
vn 0.9115 0.3822 0.1521
vn 0.9413 0.0977 0.3231
vn 0.9843 -0.0641 0.1643
vn 0.9812 -0.1021 0.1637
vn 0.8831 0.3581 0.3032
vn 0.8740 0.3822 0.3000
vn 0.8753 0.0977 0.4737
vn 0.9439 -0.0641 0.3240
vn 0.9409 -0.1021 0.3230
vn 0.8211 0.3581 0.4444
vn 0.8127 0.3822 0.4398
vn 0.7854 0.0977 0.6113
vn 0.8777 -0.0641 0.4750
vn 0.8749 -0.1021 0.4735
vn 0.7368 0.3581 0.5735
vn 0.7292 0.3822 0.5676
vn 0.6740 0.0977 0.7322
vn 0.7875 -0.0641 0.6129
vn 0.7850 -0.1021 0.6110
vn 0.6324 0.3581 0.6869
vn 0.6259 0.3822 0.6799
vn 0.5443 0.0977 0.8332
vn 0.6759 -0.0641 0.7342
vn 0.6737 -0.1021 0.7319
vn 0.5107 0.3581 0.7816
vn 0.5054 0.3822 0.7736
vn 0.3998 0.0977 0.9114
vn 0.5458 -0.0641 0.8354
vn 0.5441 -0.1021 0.8328
vn 0.3751 0.3581 0.8550
vn 0.3712 0.3822 0.8463
vn 0.2443 0.0977 0.9648
vn 0.4009 -0.0641 0.9139
vn 0.3996 -0.1021 0.9110
vn 0.2292 0.3581 0.9051
vn 0.2268 0.3822 0.8958
vn 0.0822 0.0977 0.9918
vn 0.2450 -0.0641 0.9674
vn 0.2442 -0.1021 0.9643
vn 0.0771 0.3581 0.9305
vn 0.0763 0.3822 0.9209
vn -0.0763 0.3822 0.9209
vn 0.0824 -0.0641 0.9945
vn 0.0821 -0.1021 0.9914
vn -0.0007 -1.0000 0.0082
vn -0.0771 0.3581 0.9305
vn -0.0822 0.0977 0.9918
vn -0.0824 -0.0641 0.9945
vn -0.2292 0.3581 0.9051
vn -0.2268 0.3822 0.8958
vn -0.3712 0.3822 0.8463
vn -0.2450 -0.0641 0.9674
vn -0.2442 -0.1021 0.9643
vn -0.0033 -1.0000 0.0075
vn -0.3751 0.3581 0.8550
vn -0.3998 0.0977 0.9114
vn -0.4009 -0.0641 0.9139
vn -0.5107 0.3581 0.7816
vn -0.5054 0.3822 0.7736
vn -0.6740 0.0977 0.7322
vn -0.5458 -0.0641 0.8354
vn -0.5441 -0.1021 0.8328
vn -0.6324 0.3581 0.6869
vn -0.6259 0.3822 0.6799
vn -0.7854 0.0977 0.6113
vn -0.6759 -0.0641 0.7342
vn -0.6737 -0.1021 0.7319
vn -0.7368 0.3581 0.5735
vn -0.7292 0.3822 0.5676
vn -0.8753 0.0977 0.4737
vn -0.7875 -0.0641 0.6129
vn -0.7850 -0.1021 0.6110
vn -0.8211 0.3581 0.4444
vn -0.8127 0.3822 0.4398
vn -0.9413 0.0977 0.3231
vn -0.8777 -0.0641 0.4750
vn -0.8749 -0.1021 0.4735
vn -0.8831 0.3581 0.3032
vn -0.8740 0.3822 0.3000
vn -0.9816 0.0977 0.1638
vn -0.9439 -0.0641 0.3240
vn -0.9409 -0.1021 0.3230
vn -0.9209 0.3581 0.1537
vn -0.9115 0.3822 0.1521
vn -0.9952 0.0977 -0.0000
vn -0.9843 -0.0641 0.1643
vn -0.9812 -0.1021 0.1637
vn -0.9337 0.3581 -0.0000
vn -0.9241 0.3822 -0.0000
vn -0.9816 0.0977 -0.1638
vn -0.9979 -0.0641 -0.0000
vn -0.9948 -0.1021 -0.0000
vn -0.9209 0.3581 -0.1537
vn -0.9115 0.3822 -0.1521
vn -0.9413 0.0977 -0.3231
vn -0.9843 -0.0641 -0.1643
vn -0.9812 -0.1021 -0.1637
vn -0.8831 0.3581 -0.3032
vn -0.8740 0.3822 -0.3000
vn -0.8753 0.0977 -0.4737
vn -0.9439 -0.0641 -0.3240
vn -0.9409 -0.1021 -0.3230
vn -0.8211 0.3581 -0.4444
vn -0.8127 0.3822 -0.4398
vn -0.7854 0.0977 -0.6113
vn -0.8777 -0.0641 -0.4750
vn -0.8749 -0.1021 -0.4735
vn -0.7368 0.3581 -0.5735
vn -0.7292 0.3822 -0.5676
vn -0.6740 0.0977 -0.7322
vn -0.7875 -0.0641 -0.6129
vn -0.7850 -0.1021 -0.6110
vn -0.6324 0.3581 -0.6869
vn -0.6259 0.3822 -0.6799
vn -0.5443 0.0977 -0.8332
vn -0.6759 -0.0641 -0.7342
vn -0.6737 -0.1021 -0.7319
vn -0.5107 0.3581 -0.7816
vn -0.5054 0.3822 -0.7736
vn -0.3998 0.0977 -0.9114
vn -0.5458 -0.0641 -0.8354
vn -0.5441 -0.1021 -0.8328
vn -0.3751 0.3581 -0.8550
vn -0.3712 0.3822 -0.8463
vn -0.2443 0.0977 -0.9648
vn -0.4009 -0.0641 -0.9139
vn -0.3996 -0.1021 -0.9110
vn -0.2292 0.3581 -0.9051
vn -0.2268 0.3822 -0.8958
vn -0.0822 0.0977 -0.9918
vn -0.2450 -0.0641 -0.9674
vn -0.2442 -0.1021 -0.9643
vn -0.0771 0.3581 -0.9305
vn -0.0763 0.3822 -0.9209
vn -0.0824 -0.0641 -0.9945
vn -0.0821 -0.1021 -0.9914
vn -0.0792 0.2816 -0.9562
vn -0.2355 0.2816 -0.9302
vn -0.3854 0.2816 -0.8787
vn -0.5248 0.2816 -0.8033
vn -0.6499 0.2816 -0.7059
vn -0.7572 0.2816 -0.5893
vn -0.8439 0.2816 -0.4567
vn -0.9075 0.2816 -0.3116
vn -0.9464 0.2816 -0.1579
vn -0.9595 0.2816 -0.0000
vn -0.9464 0.2816 0.1579
vn -0.9075 0.2816 0.3116
vn -0.8439 0.2816 0.4567
vn -0.7572 0.2816 0.5893
vn -0.6499 0.2816 0.7059
vn -0.5248 0.2816 0.8033
vn -0.3996 -0.1021 0.9110
vn -0.2355 0.2816 0.9302
vn -0.0821 -0.1021 0.9914
vn 0.0792 0.2816 0.9562
vn 0.2355 0.2816 0.9302
vn 0.3854 0.2816 0.8787
vn 0.5248 0.2816 0.8033
vn 0.6499 0.2816 0.7059
vn 0.7572 0.2816 0.5893
vn 0.8439 0.2816 0.4567
vn 0.9075 0.2816 0.3116
vn 0.9464 0.2816 0.1579
vn 0.9595 0.2816 -0.0000
vn 0.9464 0.2816 -0.1579
vn 0.9075 0.2816 -0.3116
vn 0.8439 0.2816 -0.4567
vn 0.7572 0.2816 -0.5893
vn 0.6499 0.2816 -0.7059
vn 0.5248 0.2816 -0.8033
vn 0.3854 0.2816 -0.8787
vn 0.2355 0.2816 -0.9302
vn 0.0792 0.2816 -0.9562
vn -0.5443 0.0977 0.8332
vn -0.2443 0.0977 0.9648
vn -0.3854 0.2816 0.8787
vn 0.0822 0.0977 -0.9918
vt 1.000000 0.955192
vt 1.000000 1.000000
vt 0.973684 1.000000
vt 0.973684 0.955192
vt 0.947368 1.000000
vt 0.947368 0.955192
vt 0.921053 1.000000
vt 0.921053 0.955192
vt 0.894737 1.000000
vt 0.894737 0.955192
vt 0.868421 1.000000
vt 0.868421 0.955192
vt 0.842105 1.000000
vt 0.842105 0.955192
vt 0.815789 1.000000
vt 0.815789 0.955192
vt 0.789474 1.000000
vt 0.789474 0.955192
vt 0.763158 1.000000
vt 0.763158 0.955192
vt 0.736842 1.000000
vt 0.736842 0.955192
vt 0.710526 1.000000
vt 0.710526 0.955192
vt 0.684210 1.000000
vt 0.684210 0.955192
vt 0.657894 1.000000
vt 0.657894 0.955192
vt 0.631579 1.000000
vt 0.631579 0.955192
vt 0.605263 1.000000
vt 0.605263 0.955192
vt 0.578947 1.000000
vt 0.578947 0.955192
vt 0.552631 1.000000
vt 0.552631 0.955192
vt 0.526315 1.000000
vt 0.526315 0.955192
vt 0.500000 1.000000
vt 0.500000 0.955192
vt 0.473684 0.955192
vt 0.473684 1.000000
vt 0.447368 1.000000
vt 0.447368 0.955192
vt 0.500000 0.696442
vt 0.500000 0.744755
vt 0.473684 0.744755
vt 0.473684 0.696442
vt 0.421052 0.955192
vt 0.421052 1.000000
vt 0.394737 1.000000
vt 0.394737 0.955192
vt 0.368421 1.000000
vt 0.368421 0.955192
vt 0.342105 1.000000
vt 0.342105 0.955192
vt 0.315789 1.000000
vt 0.315789 0.955192
vt 0.289473 1.000000
vt 0.289473 0.955192
vt 0.263158 1.000000
vt 0.263158 0.955192
vt 0.236842 1.000000
vt 0.236842 0.955192
vt 0.210526 1.000000
vt 0.210526 0.955192
vt 0.184210 1.000000
vt 0.184210 0.955192
vt 0.157894 1.000000
vt 0.157894 0.955192
vt 0.131579 1.000000
vt 0.131579 0.955192
vt 0.105263 1.000000
vt 0.105263 0.955192
vt 0.078947 1.000000
vt 0.078947 0.955192
vt 0.052631 1.000000
vt 0.052631 0.955192
vt 0.289503 0.486727
vt 0.250000 0.490000
vt 0.210497 0.486727
vt 0.172072 0.476996
vt 0.135773 0.461074
vt 0.102589 0.439394
vt 0.073426 0.412548
vt 0.049080 0.381268
vt 0.030214 0.346407
vt 0.017344 0.308917
vt 0.010820 0.269819
vt 0.010820 0.230181
vt 0.017344 0.191083
vt 0.030214 0.153593
vt 0.049080 0.118732
vt 0.073426 0.087452
vt 0.102589 0.060606
vt 0.135773 0.038926
vt 0.172072 0.023004
vt 0.210497 0.013273
vt 0.250000 0.010000
vt 0.289503 0.013273
vt 0.327928 0.023004
vt 0.364227 0.038926
vt 0.397411 0.060606
vt 0.426574 0.087452
vt 0.450920 0.118732
vt 0.469786 0.153593
vt 0.482656 0.191083
vt 0.489180 0.230181
vt 0.489180 0.269819
vt 0.482656 0.308917
vt 0.469786 0.346407
vt 0.450920 0.381268
vt 0.426574 0.412548
vt 0.397411 0.439394
vt 0.364227 0.461074
vt 0.327928 0.476996
vt 0.026316 1.000000
vt 0.026316 0.955192
vt -0.000000 1.000000
vt -0.000000 0.955192
vt 0.552631 0.500000
vt 0.526315 0.500000
vt 0.026316 0.500000
vt 0.026316 0.572317
vt -0.000000 0.572317
vt -0.000000 0.500000
vt 0.052631 0.500000
vt 0.052631 0.572317
vt 0.078947 0.500000
vt 0.078947 0.572317
vt 0.105263 0.500000
vt 0.105263 0.572317
vt 0.131579 0.500000
vt 0.131579 0.572317
vt 0.157894 0.500000
vt 0.157894 0.572317
vt 0.184210 0.500000
vt 0.184210 0.572317
vt 0.210526 0.500000
vt 0.210526 0.572317
vt 0.236842 0.500000
vt 0.236842 0.572317
vt 0.263158 0.500000
vt 0.263158 0.572317
vt 0.289473 0.500000
vt 0.289473 0.572317
vt 0.315789 0.500000
vt 0.315789 0.572317
vt 0.342105 0.500000
vt 0.342105 0.572317
vt 0.368421 0.500000
vt 0.368421 0.572317
vt 0.394737 0.500000
vt 0.394737 0.572317
vt 0.421052 0.500000
vt 0.421052 0.572317
vt 0.473684 0.500000
vt 0.473684 0.572317
vt 0.447368 0.572317
vt 0.447368 0.500000
vt 0.526315 0.572317
vt 0.500000 0.572317
vt 0.500000 0.500000
vt 0.552631 0.572317
vt 0.578947 0.500000
vt 0.578947 0.572317
vt 0.605263 0.500000
vt 0.605263 0.572317
vt 0.631579 0.500000
vt 0.631579 0.572317
vt 0.657894 0.500000
vt 0.657894 0.572317
vt 0.684210 0.500000
vt 0.684210 0.572317
vt 0.710526 0.500000
vt 0.710526 0.572317
vt 0.736842 0.500000
vt 0.736842 0.572317
vt 0.763158 0.500000
vt 0.763158 0.572317
vt 0.789474 0.500000
vt 0.789474 0.572317
vt 0.815789 0.500000
vt 0.815789 0.572317
vt 0.842105 0.500000
vt 0.842105 0.572317
vt 0.868421 0.500000
vt 0.868421 0.572317
vt 0.894737 0.500000
vt 0.894737 0.572317
vt 0.921053 0.500000
vt 0.921053 0.572317
vt 0.947368 0.500000
vt 0.947368 0.572317
vt 0.973684 0.500000
vt 0.973684 0.572317
vt 1.000000 0.500000
vt 1.000000 0.572317
vt 0.894737 0.500000
vt 0.657894 0.500000
vt 0.394737 0.500000
vt 0.157894 0.500000
vt 0.026316 0.500000
vt 0.842105 0.500000
vt 0.605263 0.500000
vt 0.236842 0.500000
vt 0.578947 0.500000
vt 0.342105 0.500000
vt 0.105263 0.500000
vt 0.921052 0.500000
vt 0.750000 0.490000
vt 0.789503 0.486727
vt 0.827928 0.476996
vt 0.864227 0.461074
vt 0.897411 0.439394
vt 0.926574 0.412548
vt 0.950920 0.381268
vt 0.969786 0.346407
vt 0.982656 0.308917
vt 0.989180 0.269819
vt 0.989180 0.230181
vt 0.982656 0.191083
vt 0.969786 0.153593
vt 0.950920 0.118732
vt 0.926574 0.087452
vt 0.897411 0.060606
vt 0.864227 0.038926
vt 0.827928 0.023004
vt 0.789503 0.013273
vt 0.750000 0.010000
vt 0.710497 0.013273
vt 0.672072 0.023004
vt 0.635773 0.038926
vt 0.602589 0.060606
vt 0.573426 0.087452
vt 0.549080 0.118732
vt 0.530214 0.153593
vt 0.517344 0.191083
vt 0.510820 0.230181
vt 0.510820 0.269819
vt 0.517344 0.308917
vt 0.530214 0.346407
vt 0.549080 0.381268
vt 0.573426 0.412548
vt 0.602589 0.439394
vt 0.635773 0.461074
vt 0.672072 0.476996
vt 0.710497 0.486727
vt 0.026316 0.880640
vt 0.026316 0.940714
vt -0.000000 0.940714
vt -0.000000 0.880640
vt 0.052631 0.880641
vt 0.052631 0.940714
vt 0.078947 0.880641
vt 0.078947 0.940714
vt 0.105263 0.880641
vt 0.105263 0.940714
vt 0.131579 0.880640
vt 0.131579 0.940714
vt 0.157895 0.880641
vt 0.157894 0.940714
vt 0.184210 0.880640
vt 0.184210 0.940714
vt 0.210526 0.880641
vt 0.210526 0.940714
vt 0.236842 0.880641
vt 0.236842 0.940714
vt 0.263158 0.880641
vt 0.263158 0.940714
vt 0.289473 0.880641
vt 0.289473 0.940714
vt 0.315789 0.880640
vt 0.315789 0.940714
vt 0.342105 0.880641
vt 0.342105 0.940714
vt 0.368421 0.880640
vt 0.368421 0.940714
vt 0.394737 0.880641
vt 0.394737 0.940714
vt 0.421052 0.880641
vt 0.421052 0.940714
vt 0.473684 0.880640
vt 0.473684 0.940714
vt 0.447368 0.940714
vt 0.447368 0.880641
vt 0.526315 0.880641
vt 0.526315 0.940714
vt 0.500000 0.940714
vt 0.500000 0.880640
vt 0.552631 0.880640
vt 0.552631 0.940714
vt 0.578947 0.880640
vt 0.578947 0.940714
vt 0.605263 0.880640
vt 0.605263 0.940714
vt 0.631579 0.880641
vt 0.631579 0.940714
vt 0.657894 0.880641
vt 0.657894 0.940714
vt 0.684210 0.880640
vt 0.684210 0.940714
vt 0.710526 0.880641
vt 0.710526 0.940714
vt 0.736842 0.880641
vt 0.736842 0.940714
vt 0.763158 0.880641
vt 0.763158 0.940714
vt 0.789474 0.880641
vt 0.789474 0.940714
vt 0.815789 0.880640
vt 0.815789 0.940714
vt 0.842105 0.880640
vt 0.842105 0.940714
vt 0.868421 0.880641
vt 0.868421 0.940714
vt 0.894737 0.880640
vt 0.894737 0.940714
vt 0.921053 0.880641
vt 0.921053 0.940714
vt 0.947368 0.880640
vt 0.947368 0.940714
vt 0.973684 0.880641
vt 0.973684 0.940714
vt 1.000000 0.880640
vt 1.000000 0.940714
vt 1.000000 0.635043
vt 0.973684 0.635043
vt 1.000000 0.696442
vt 0.973684 0.696442
vt 0.973684 0.773585
vt 0.947368 0.773585
vt 0.947368 0.744755
vt 0.973684 0.744755
vt 1.000000 0.773585
vt 1.000000 0.819241
vt 0.973684 0.819241
vt 0.947368 0.635043
vt 0.947368 0.696442
vt 0.921053 0.773585
vt 0.921053 0.744755
vt 0.947368 0.819241
vt 0.921053 0.635043
vt 0.921053 0.696442
vt 0.894737 0.773585
vt 0.894737 0.744755
vt 0.921053 0.819241
vt 0.894737 0.635043
vt 0.894737 0.696442
vt 0.868421 0.773585
vt 0.868421 0.744755
vt 0.894737 0.819241
vt 0.868421 0.635043
vt 0.868421 0.696442
vt 0.842105 0.773585
vt 0.842105 0.744755
vt 0.868421 0.819241
vt 0.842105 0.635043
vt 0.842105 0.696442
vt 0.815789 0.773585
vt 0.815789 0.744755
vt 0.842105 0.819241
vt 0.815789 0.635043
vt 0.815789 0.696442
vt 0.789474 0.773585
vt 0.789474 0.744755
vt 0.815789 0.819241
vt 0.789474 0.635043
vt 0.789474 0.696442
vt 0.763158 0.773585
vt 0.763158 0.744755
vt 0.789474 0.819241
vt 0.763158 0.635043
vt 0.763158 0.696442
vt 0.736842 0.773585
vt 0.736842 0.744755
vt 0.763158 0.819241
vt 0.736842 0.635043
vt 0.736842 0.696442
vt 0.710526 0.773585
vt 0.710526 0.744755
vt 0.736842 0.819241
vt 0.710526 0.635043
vt 0.710526 0.696442
vt 0.684210 0.773585
vt 0.684210 0.744755
vt 0.710526 0.819241
vt 0.684210 0.635043
vt 0.684210 0.696442
vt 0.657894 0.773585
vt 0.657894 0.744755
vt 0.684210 0.819241
vt 0.657894 0.635043
vt 0.657894 0.696442
vt 0.631579 0.773585
vt 0.631579 0.744755
vt 0.657894 0.819241
vt 0.631579 0.635043
vt 0.631579 0.696442
vt 0.605263 0.773585
vt 0.605263 0.744755
vt 0.631579 0.819241
vt 0.605263 0.635043
vt 0.605263 0.696442
vt 0.578947 0.773585
vt 0.578947 0.744755
vt 0.605263 0.819241
vt 0.578947 0.635043
vt 0.578947 0.696442
vt 0.552631 0.773585
vt 0.552631 0.744755
vt 0.578947 0.819241
vt 0.552631 0.635043
vt 0.552631 0.696442
vt 0.526315 0.773585
vt 0.526315 0.744755
vt 0.552631 0.819241
vt 0.526315 0.635043
vt 0.526315 0.696442
vt 0.500000 0.773585
vt 0.526315 0.819241
vt 0.500000 0.635043
vt 0.473684 0.635043
vt 0.500000 0.819241
vt 0.473684 0.773585
vt 0.473684 0.819241
vt 0.447368 0.635043
vt 0.447368 0.696442
vt 0.421052 0.696442
vt 0.421052 0.635043
vt 0.447368 0.819241
vt 0.447368 0.773585
vt 0.447368 0.744755
vt 0.421052 0.773585
vt 0.421052 0.744755
vt 0.421052 0.819241
vt 0.394737 0.635043
vt 0.394737 0.696442
vt 0.394737 0.773585
vt 0.368421 0.773585
vt 0.368421 0.744755
vt 0.394737 0.744755
vt 0.394737 0.819241
vt 0.368421 0.635043
vt 0.368421 0.696442
vt 0.342105 0.773585
vt 0.342105 0.744755
vt 0.368421 0.819241
vt 0.342105 0.635043
vt 0.342105 0.696442
vt 0.315789 0.773585
vt 0.315789 0.744755
vt 0.342105 0.819241
vt 0.315789 0.635043
vt 0.315789 0.696442
vt 0.289473 0.773585
vt 0.289473 0.744755
vt 0.315789 0.819241
vt 0.289473 0.635043
vt 0.289473 0.696442
vt 0.263158 0.773585
vt 0.263158 0.744755
vt 0.289473 0.819241
vt 0.263158 0.635043
vt 0.263158 0.696442
vt 0.236842 0.773585
vt 0.236842 0.744755
vt 0.263158 0.819241
vt 0.236842 0.635043
vt 0.236842 0.696442
vt 0.210526 0.773585
vt 0.210526 0.744755
vt 0.236842 0.819241
vt 0.210526 0.635043
vt 0.210526 0.696442
vt 0.184210 0.773585
vt 0.184210 0.744755
vt 0.210526 0.819241
vt 0.184210 0.635043
vt 0.184210 0.696442
vt 0.157894 0.773585
vt 0.157894 0.744755
vt 0.184210 0.819241
vt 0.157894 0.635043
vt 0.157894 0.696442
vt 0.131579 0.773585
vt 0.131579 0.744755
vt 0.157894 0.819241
vt 0.131579 0.635043
vt 0.131579 0.696442
vt 0.105263 0.773585
vt 0.105263 0.744755
vt 0.131579 0.819241
vt 0.105263 0.635043
vt 0.105263 0.696442
vt 0.078947 0.773585
vt 0.078947 0.744755
vt 0.105263 0.819241
vt 0.078947 0.635043
vt 0.078947 0.696442
vt 0.052631 0.773585
vt 0.052631 0.744755
vt 0.078947 0.819241
vt 0.052631 0.635043
vt 0.052631 0.696442
vt 0.026316 0.773585
vt 0.026316 0.744755
vt 0.052631 0.819241
vt 0.026316 0.635043
vt 0.026316 0.696442
vt -0.000000 0.773585
vt -0.000000 0.744755
vt 0.026316 0.819241
vt -0.000000 0.635043
vt -0.000000 0.696442
vt -0.000000 0.819241
vt 1.000000 0.744755
s 0
usemtl Material.003
f 267/1/1 2/2/1 4/3/1 268/4/1
f 268/4/2 4/3/2 6/5/2 269/6/2
f 269/6/3 6/5/3 8/7/3 270/8/3
f 270/8/4 8/7/4 10/9/4 271/10/4
f 271/10/5 10/9/5 12/11/5 272/12/5
f 272/12/6 12/11/6 14/13/6 273/14/6
f 273/14/7 14/13/7 16/15/7 274/16/7
f 274/16/8 16/15/8 18/17/8 275/18/8
f 275/18/9 18/17/9 20/19/9 276/20/9
f 276/20/10 20/19/10 22/21/10 277/22/10
f 277/22/11 22/21/11 24/23/11 278/24/11
f 278/24/12 24/23/12 26/25/12 279/26/12
f 279/26/13 26/25/13 28/27/13 280/28/13
f 280/28/14 28/27/14 30/29/14 281/30/14
f 281/30/15 30/29/15 32/31/15 282/32/15
f 282/32/16 32/31/16 34/33/16 283/34/16
f 283/34/17 34/33/17 36/35/17 284/36/17
f 284/36/18 36/35/18 38/37/18 285/38/18
f 285/38/19 38/37/19 40/39/19 286/40/19
f 287/41/20 42/42/20 44/43/20 288/44/20
f 379/45/21 475/46/21 476/47/21 383/48/21
f 289/49/22 46/50/22 48/51/22 290/52/22
f 290/52/23 48/51/23 50/53/23 291/54/23
f 291/54/24 50/53/24 52/55/24 292/56/24
f 292/56/25 52/55/25 54/57/25 293/58/25
f 293/58/26 54/57/26 56/59/26 294/60/26
f 294/60/27 56/59/27 58/61/27 295/62/27
f 295/62/28 58/61/28 60/63/28 296/64/28
f 296/64/29 60/63/29 62/65/29 297/66/29
f 297/66/30 62/65/30 64/67/30 298/68/30
f 298/68/31 64/67/31 66/69/31 299/70/31
f 299/70/32 66/69/32 68/71/32 300/72/32
f 300/72/33 68/71/33 70/73/33 301/74/33
f 301/74/34 70/73/34 72/75/34 302/76/34
f 302/76/35 72/75/35 74/77/35 303/78/35
f 4/79/36 2/80/36 76/81/36 74/82/36 72/83/36 70/84/36 68/85/36 66/86/36 64/87/36 62/88/36 60/89/36 58/90/36 56/91/36 54/92/36 52/93/36 50/94/36 48/95/36 46/96/36 44/97/36 42/98/36 40/99/36 38/100/36 36/101/36 34/102/36 32/103/36 30/104/36 28/105/36 26/106/36 24/107/36 22/108/36 20/109/36 18/110/36 16/111/36 14/112/36 12/113/36 10/114/36 8/115/36 6/116/36
f 303/78/37 74/77/37 76/117/37 304/118/37
f 304/118/38 76/117/38 2/119/38 267/120/38
f 192/121/39 191/122/39 133/122/39 132/121/39
f 75/123/40 114/124/40 77/125/40 1/126/40
f 73/127/41 113/128/41 114/124/41 75/123/41
f 71/129/42 112/130/42 113/128/42 73/127/42
f 69/131/43 111/132/43 112/130/43 71/129/43
f 67/133/44 110/134/44 111/132/44 69/131/44
f 65/135/45 109/136/45 110/134/45 67/133/45
f 63/137/46 108/138/46 109/136/46 65/135/46
f 61/139/47 107/140/47 108/138/47 63/137/47
f 59/141/48 106/142/48 107/140/48 61/139/48
f 57/143/49 105/144/49 106/142/49 59/141/49
f 55/145/50 104/146/50 105/144/50 57/143/50
f 53/147/51 103/148/51 104/146/51 55/145/51
f 51/149/52 102/150/52 103/148/52 53/147/52
f 49/151/53 101/152/53 102/150/53 51/149/53
f 47/153/54 100/154/54 101/152/54 49/151/54
f 45/155/55 99/156/55 100/154/55 47/153/55
f 288/44/56 44/43/56 46/50/56 289/49/56
f 41/157/57 97/158/57 98/159/57 43/160/57
f 286/40/58 40/39/58 42/42/58 287/41/58
f 37/122/59 95/161/59 96/162/59 39/163/59
f 35/121/60 94/164/60 95/161/60 37/122/60
f 33/165/61 93/166/61 94/164/61 35/121/61
f 31/167/62 92/168/62 93/166/62 33/165/62
f 29/169/63 91/170/63 92/168/63 31/167/63
f 27/171/64 90/172/64 91/170/64 29/169/64
f 25/173/65 89/174/65 90/172/65 27/171/65
f 23/175/66 88/176/66 89/174/66 25/173/66
f 21/177/67 87/178/67 88/176/67 23/175/67
f 19/179/68 86/180/68 87/178/68 21/177/68
f 17/181/69 85/182/69 86/180/69 19/179/69
f 15/183/70 84/184/70 85/182/70 17/181/70
f 13/185/71 83/186/71 84/184/71 15/183/71
f 11/187/72 82/188/72 83/186/72 13/185/72
f 9/189/73 81/190/73 82/188/73 11/187/73
f 7/191/74 80/192/74 81/190/74 9/189/74
f 5/193/75 79/194/75 80/192/75 7/191/75
f 3/195/76 78/196/76 79/194/76 5/193/76
f 1/197/77 77/198/77 78/196/77 3/195/77
f 119/189/78 120/187/78 158/187/78 157/189/78
f 194/147/79 193/145/79 142/145/79 141/147/79
f 196/129/80 195/127/80 151/127/80 150/129/80
f 198/199/81 197/187/81 120/187/81 119/189/81
f 200/200/82 199/169/82 129/169/82 128/171/82
f 202/155/83 201/201/83 138/153/83 137/155/83
f 204/197/84 203/195/84 116/195/84 115/197/84
f 206/137/85 205/202/85 147/135/85 146/137/85
f 208/179/86 207/177/86 125/177/86 124/179/86
f 191/122/87 209/163/87 134/163/87 133/122/87
f 193/145/88 210/143/88 143/143/88 142/145/88
f 195/127/89 211/203/89 152/123/89 151/127/89
f 197/187/90 212/204/90 121/185/90 120/187/90
f 199/169/91 213/205/91 130/167/91 129/169/91
f 201/201/92 214/151/92 139/151/92 138/153/92
f 205/202/93 215/133/93 148/133/93 147/135/93
f 203/195/94 216/193/94 117/193/94 116/195/94
f 207/177/95 217/175/95 126/175/95 125/177/95
f 39/163/96 96/162/96 97/158/96 41/157/96
f 210/143/97 219/206/97 144/141/97 143/143/97
f 211/203/98 204/126/98 115/126/98 152/123/98
f 212/204/99 220/183/99 122/183/99 121/185/99
f 213/205/100 221/207/100 131/165/100 130/167/100
f 214/151/101 222/208/101 140/149/101 139/151/101
f 215/133/102 223/209/102 149/131/102 148/133/102
f 216/193/103 224/210/103 118/191/103 117/193/103
f 217/175/104 225/173/104 127/173/104 126/175/104
f 218/157/105 226/160/105 136/160/105 135/157/105
f 219/206/106 227/139/106 145/139/106 144/141/106
f 220/183/107 228/181/107 123/181/107 122/183/107
f 221/207/108 192/121/108 132/121/108 131/165/108
f 222/208/109 194/147/109 141/147/109 140/149/109
f 223/209/110 196/129/110 150/129/110 149/131/110
f 224/210/111 198/199/111 119/189/111 118/191/111
f 225/173/112 200/200/112 128/171/112 127/173/112
f 43/160/113 98/159/113 99/156/113 45/155/113
f 227/139/114 206/137/114 146/137/114 145/139/114
f 228/181/115 208/179/115 124/179/115 123/181/115
f 153/211/116 154/212/116 155/213/116 156/214/116 157/215/116 158/216/116 159/217/116 160/218/116 161/219/116 162/220/116 163/221/116 164/222/116 165/223/116 166/224/116 167/225/116 168/226/116 169/227/116 170/228/116 171/229/116 172/230/116 173/231/116 174/232/116 175/233/116 176/234/116 177/235/116 178/236/116 179/237/116 180/238/116 181/239/116 182/240/116 183/241/116 184/242/116 185/243/116 186/244/116 187/245/116 188/246/116 189/247/116 190/248/116
f 146/137/117 147/135/117 185/135/117 184/137/117
f 133/122/118 134/163/118 172/163/118 171/122/118
f 120/187/119 121/185/119 159/185/119 158/187/119
f 147/135/120 148/133/120 186/133/120 185/135/120
f 209/163/121 218/157/121 135/157/121 134/163/121
f 121/185/122 122/183/122 160/183/122 159/185/122
f 148/133/123 149/131/123 187/131/123 186/133/123
f 135/157/124 136/160/124 174/160/124 173/157/124
f 122/183/125 123/181/125 161/181/125 160/183/125
f 149/131/126 150/129/126 188/129/126 187/131/126
f 226/160/127 202/155/127 137/155/127 136/160/127
f 123/181/128 124/179/128 162/179/128 161/181/128
f 150/129/129 151/127/129 189/127/129 188/129/129
f 137/155/130 138/153/130 176/153/130 175/155/130
f 124/179/131 125/177/131 163/177/131 162/179/131
f 151/127/132 152/123/132 190/123/132 189/127/132
f 138/153/133 139/151/133 177/151/133 176/153/133
f 125/177/134 126/175/134 164/175/134 163/177/134
f 152/123/135 115/126/135 153/126/135 190/123/135
f 139/151/136 140/149/136 178/149/136 177/151/136
f 126/175/137 127/173/137 165/173/137 164/175/137
f 140/149/138 141/147/138 179/147/138 178/149/138
f 127/173/139 128/171/139 166/171/139 165/173/139
f 141/147/140 142/145/140 180/145/140 179/147/140
f 128/171/141 129/169/141 167/169/141 166/171/141
f 115/197/142 116/195/142 154/195/142 153/197/142
f 142/145/143 143/143/143 181/143/143 180/145/143
f 129/169/144 130/167/144 168/167/144 167/169/144
f 116/195/145 117/193/145 155/193/145 154/195/145
f 143/143/146 144/141/146 182/141/146 181/143/146
f 130/167/147 131/165/147 169/165/147 168/167/147
f 117/193/148 118/191/148 156/191/148 155/193/148
f 144/141/149 145/139/149 183/139/149 182/141/149
f 131/165/150 132/121/150 170/121/150 169/165/150
f 118/191/151 119/189/151 157/189/151 156/191/151
f 145/139/152 146/137/152 184/137/152 183/139/152
f 132/121/153 133/122/153 171/122/153 170/121/153
f 17/181/154 19/179/154 208/179/154 228/181/154
f 61/139/155 63/137/155 206/137/155 227/139/155
f 136/160/156 137/155/156 175/155/156 174/160/156
f 25/173/157 27/171/157 200/200/157 225/173/157
f 7/191/158 9/189/158 198/199/158 224/210/158
f 69/131/159 71/129/159 196/129/159 223/209/159
f 51/149/160 53/147/160 194/147/160 222/208/160
f 33/165/161 35/121/161 192/121/161 221/207/161
f 15/183/162 17/181/162 228/181/162 220/183/162
f 59/141/163 61/139/163 227/139/163 219/206/163
f 41/157/164 43/160/164 226/160/164 218/157/164
f 23/175/165 25/173/165 225/173/165 217/175/165
f 5/193/166 7/191/166 224/210/166 216/193/166
f 67/133/167 69/131/167 223/209/167 215/133/167
f 49/151/168 51/149/168 222/208/168 214/151/168
f 31/167/169 33/165/169 221/207/169 213/205/169
f 13/185/170 15/183/170 220/183/170 212/204/170
f 75/123/171 1/126/171 204/126/171 211/203/171
f 57/143/172 59/141/172 219/206/172 210/143/172
f 134/163/173 135/157/173 173/157/173 172/163/173
f 21/177/174 23/175/174 217/175/174 207/177/174
f 3/195/175 5/193/175 216/193/175 203/195/175
f 65/135/176 67/133/176 215/133/176 205/202/176
f 47/153/177 49/151/177 214/151/177 201/201/177
f 29/169/178 31/167/178 213/205/178 199/169/178
f 11/187/179 13/185/179 212/204/179 197/187/179
f 73/127/180 75/123/180 211/203/180 195/127/180
f 55/145/181 57/143/181 210/143/181 193/145/181
f 37/122/182 39/163/182 209/163/182 191/122/182
f 19/179/183 21/177/183 207/177/183 208/179/183
f 63/137/184 65/135/184 205/202/184 206/137/184
f 1/197/185 3/195/185 203/195/185 204/197/185
f 45/155/186 47/153/186 201/201/186 202/155/186
f 27/171/187 29/169/187 199/169/187 200/200/187
f 9/189/188 11/187/188 197/187/188 198/199/188
f 71/129/189 73/127/189 195/127/189 196/129/189
f 53/147/190 55/145/190 193/145/190 194/147/190
f 35/121/191 37/122/191 191/122/191 192/121/191
f 449/249/192 266/250/192 229/251/192 456/252/192
f 445/253/193 265/254/193 266/250/193 449/249/193
f 441/255/194 264/256/194 265/254/194 445/253/194
f 437/257/195 263/258/195 264/256/195 441/255/195
f 433/259/196 262/260/196 263/258/196 437/257/196
f 429/261/197 261/262/197 262/260/197 433/259/197
f 425/263/198 260/264/198 261/262/198 429/261/198
f 421/265/199 259/266/199 260/264/199 425/263/199
f 417/267/200 258/268/200 259/266/200 421/265/200
f 413/269/201 257/270/201 258/268/201 417/267/201
f 409/271/202 256/272/202 257/270/202 413/269/202
f 405/273/203 255/274/203 256/272/203 409/271/203
f 401/275/204 254/276/204 255/274/204 405/273/204
f 397/277/205 253/278/205 254/276/205 401/275/205
f 393/279/206 252/280/206 253/278/206 397/277/206
f 389/281/207 251/282/207 252/280/207 393/279/207
f 43/160/208 45/155/208 202/155/208 226/160/208
f 381/283/209 249/284/209 250/285/209 385/286/209
f 39/163/210 41/157/210 218/157/210 209/163/210
f 373/287/211 247/288/211 248/289/211 377/290/211
f 369/291/212 246/292/212 247/288/212 373/287/212
f 365/293/213 245/294/213 246/292/213 369/291/213
f 361/295/214 244/296/214 245/294/214 365/293/214
f 357/297/215 243/298/215 244/296/215 361/295/215
f 353/299/216 242/300/216 243/298/216 357/297/216
f 349/301/217 241/302/217 242/300/217 353/299/217
f 345/303/218 240/304/218 241/302/218 349/301/218
f 341/305/219 239/306/219 240/304/219 345/303/219
f 337/307/220 238/308/220 239/306/220 341/305/220
f 333/309/221 237/310/221 238/308/221 337/307/221
f 329/311/222 236/312/222 237/310/222 333/309/222
f 325/313/223 235/314/223 236/312/223 329/311/223
f 321/315/224 234/316/224 235/314/224 325/313/224
f 317/317/225 233/318/225 234/316/225 321/315/225
f 313/319/226 232/320/226 233/318/226 317/317/226
f 309/321/227 231/322/227 232/320/227 313/319/227
f 305/323/228 230/324/228 231/322/228 309/321/228
f 456/325/229 229/326/229 230/324/229 305/323/229
f 266/250/230 304/118/230 267/120/230 229/251/230
f 265/254/231 303/78/231 304/118/231 266/250/231
f 264/256/232 302/76/232 303/78/232 265/254/232
f 263/258/233 301/74/233 302/76/233 264/256/233
f 262/260/234 300/72/234 301/74/234 263/258/234
f 261/262/235 299/70/235 300/72/235 262/260/235
f 260/264/236 298/68/236 299/70/236 261/262/236
f 259/266/237 297/66/237 298/68/237 260/264/237
f 258/268/238 296/64/238 297/66/238 259/266/238
f 257/270/239 295/62/239 296/64/239 258/268/239
f 256/272/240 294/60/240 295/62/240 257/270/240
f 255/274/241 293/58/241 294/60/241 256/272/241
f 254/276/242 292/56/242 293/58/242 255/274/242
f 253/278/243 291/54/243 292/56/243 254/276/243
f 252/280/244 290/52/244 291/54/244 253/278/244
f 251/282/245 289/49/245 290/52/245 252/280/245
f 385/286/246 250/285/246 251/282/246 389/281/246
f 249/284/247 287/41/247 288/44/247 250/285/247
f 377/290/248 248/289/248 249/284/248 381/283/248
f 247/288/249 285/38/249 286/40/249 248/289/249
f 246/292/250 284/36/250 285/38/250 247/288/250
f 245/294/251 283/34/251 284/36/251 246/292/251
f 244/296/252 282/32/252 283/34/252 245/294/252
f 243/298/253 281/30/253 282/32/253 244/296/253
f 242/300/254 280/28/254 281/30/254 243/298/254
f 241/302/255 279/26/255 280/28/255 242/300/255
f 240/304/256 278/24/256 279/26/256 241/302/256
f 239/306/257 277/22/257 278/24/257 240/304/257
f 238/308/258 276/20/258 277/22/258 239/306/258
f 237/310/259 275/18/259 276/20/259 238/308/259
f 236/312/260 274/16/260 275/18/260 237/310/260
f 235/314/261 273/14/261 274/16/261 236/312/261
f 234/316/262 272/12/262 273/14/262 235/314/262
f 233/318/263 271/10/263 272/12/263 234/316/263
f 232/320/264 270/8/264 271/10/264 233/318/264
f 231/322/265 269/6/265 270/8/265 232/320/265
f 230/324/266 268/4/266 269/6/266 231/322/266
f 229/326/267 267/1/267 268/4/267 230/324/267
f 77/198/268 453/327/268 308/328/268 78/196/268
f 453/327/269 454/329/269 307/330/269 308/328/269
f 495/331/270 496/332/270 458/333/270 457/334/270
f 532/335/271 455/336/271 306/337/271 495/331/271
f 455/336/272 456/325/272 305/323/272 306/337/272
f 78/196/273 308/328/273 312/338/273 79/194/273
f 308/328/274 307/330/274 311/339/274 312/338/274
f 496/332/275 497/340/275 459/341/275 458/333/275
f 495/331/276 306/337/276 310/342/276 496/332/276
f 306/337/277 305/323/277 309/321/277 310/342/277
f 79/194/278 312/338/278 316/343/278 80/192/278
f 312/338/279 311/339/279 315/344/279 316/343/279
f 497/340/280 498/345/280 460/346/280 459/341/280
f 496/332/281 310/342/281 314/347/281 497/340/281
f 310/342/282 309/321/282 313/319/282 314/347/282
f 80/192/283 316/343/283 320/348/283 81/190/283
f 316/343/284 315/344/284 319/349/284 320/348/284
f 498/345/285 499/350/285 461/351/285 460/346/285
f 497/340/286 314/347/286 318/352/286 498/345/286
f 314/347/287 313/319/287 317/317/287 318/352/287
f 81/190/288 320/348/288 324/353/288 82/188/288
f 320/348/289 319/349/289 323/354/289 324/353/289
f 499/350/290 500/355/290 462/356/290 461/351/290
f 498/345/291 318/352/291 322/357/291 499/350/291
f 318/352/292 317/317/292 321/315/292 322/357/292
f 82/188/293 324/353/293 328/358/293 83/186/293
f 324/353/294 323/354/294 327/359/294 328/358/294
f 500/355/295 501/360/295 463/361/295 462/356/295
f 499/350/296 322/357/296 326/362/296 500/355/296
f 322/357/297 321/315/297 325/313/297 326/362/297
f 83/186/298 328/358/298 332/363/298 84/184/298
f 328/358/299 327/359/299 331/364/299 332/363/299
f 501/360/300 502/365/300 464/366/300 463/361/300
f 500/355/301 326/362/301 330/367/301 501/360/301
f 326/362/302 325/313/302 329/311/302 330/367/302
f 84/184/303 332/363/303 336/368/303 85/182/303
f 332/363/304 331/364/304 335/369/304 336/368/304
f 502/365/305 503/370/305 465/371/305 464/366/305
f 501/360/306 330/367/306 334/372/306 502/365/306
f 330/367/307 329/311/307 333/309/307 334/372/307
f 85/182/308 336/368/308 340/373/308 86/180/308
f 336/368/309 335/369/309 339/374/309 340/373/309
f 503/370/310 504/375/310 466/376/310 465/371/310
f 502/365/311 334/372/311 338/377/311 503/370/311
f 334/372/312 333/309/312 337/307/312 338/377/312
f 86/180/313 340/373/313 344/378/313 87/178/313
f 340/373/314 339/374/314 343/379/314 344/378/314
f 504/375/315 505/380/315 467/381/315 466/376/315
f 503/370/316 338/377/316 342/382/316 504/375/316
f 338/377/317 337/307/317 341/305/317 342/382/317
f 87/178/318 344/378/318 348/383/318 88/176/318
f 344/378/319 343/379/319 347/384/319 348/383/319
f 505/380/320 506/385/320 468/386/320 467/381/320
f 504/375/321 342/382/321 346/387/321 505/380/321
f 342/382/322 341/305/322 345/303/322 346/387/322
f 88/176/323 348/383/323 352/388/323 89/174/323
f 348/383/324 347/384/324 351/389/324 352/388/324
f 506/385/325 507/390/325 469/391/325 468/386/325
f 505/380/326 346/387/326 350/392/326 506/385/326
f 346/387/327 345/303/327 349/301/327 350/392/327
f 89/174/328 352/388/328 356/393/328 90/172/328
f 352/388/329 351/389/329 355/394/329 356/393/329
f 507/390/330 508/395/330 470/396/330 469/391/330
f 506/385/331 350/392/331 354/397/331 507/390/331
f 350/392/332 349/301/332 353/299/332 354/397/332
f 90/172/333 356/393/333 360/398/333 91/170/333
f 356/393/334 355/394/334 359/399/334 360/398/334
f 508/395/335 509/400/335 471/401/335 470/396/335
f 507/390/336 354/397/336 358/402/336 508/395/336
f 354/397/337 353/299/337 357/297/337 358/402/337
f 91/170/338 360/398/338 364/403/338 92/168/338
f 360/398/339 359/399/339 363/404/339 364/403/339
f 509/400/340 510/405/340 472/406/340 471/401/340
f 508/395/341 358/402/341 362/407/341 509/400/341
f 358/402/342 357/297/342 361/295/342 362/407/342
f 92/168/343 364/403/343 368/408/343 93/166/343
f 364/403/344 363/404/344 367/409/344 368/408/344
f 510/405/345 511/410/345 473/411/345 472/406/345
f 509/400/346 362/407/346 366/412/346 510/405/346
f 362/407/347 361/295/347 365/293/347 366/412/347
f 93/166/348 368/408/348 372/413/348 94/164/348
f 368/408/349 367/409/349 371/414/349 372/413/349
f 511/410/350 512/415/350 474/416/350 473/411/350
f 510/405/351 366/412/351 370/417/351 511/410/351
f 366/412/352 365/293/352 369/291/352 370/417/352
f 94/164/353 372/413/353 376/418/353 95/161/353
f 372/413/354 371/414/354 375/419/354 376/418/354
f 512/415/355 513/420/355 475/46/355 474/416/355
f 511/410/356 370/417/356 374/421/356 512/415/356
f 370/417/357 369/291/357 373/287/357 374/421/357
f 95/161/358 376/418/358 380/422/358 96/162/358
f 376/418/359 375/419/359 379/45/359 380/422/359
f 380/422/360 379/45/360 383/48/360 384/423/360
f 512/415/361 374/421/361 378/424/361 513/420/361
f 374/421/362 373/287/362 377/290/362 378/424/362
f 248/289/363 286/40/363 287/41/363 249/284/363
f 96/162/364 380/422/364 384/423/364 97/158/364
f 475/46/365 513/420/365 514/425/365 476/47/365
f 513/420/366 378/424/366 382/426/366 514/425/366
f 97/158/367 384/423/367 388/427/367 98/159/367
f 384/423/368 383/48/368 387/428/368 388/427/368
f 388/427/369 387/428/369 391/429/369 392/430/369
f 514/425/370 382/426/370 386/431/370 515/432/370
f 382/426/371 381/283/371 385/286/371 386/431/371
f 250/285/372 288/44/372 289/49/372 251/282/372
f 98/159/373 388/427/373 392/430/373 99/156/373
f 477/433/374 515/432/374 516/434/374 478/435/374
f 515/432/375 386/431/375 390/436/375 516/434/375
f 99/156/376 392/430/376 396/437/376 100/154/376
f 392/430/377 391/429/377 395/438/377 396/437/377
f 517/439/378 518/440/378 480/441/378 479/442/378
f 516/434/379 390/436/379 394/443/379 517/439/379
f 390/436/380 389/281/380 393/279/380 394/443/380
f 100/154/381 396/437/381 400/444/381 101/152/381
f 396/437/382 395/438/382 399/445/382 400/444/382
f 518/440/383 519/446/383 481/447/383 480/441/383
f 517/439/384 394/443/384 398/448/384 518/440/384
f 394/443/385 393/279/385 397/277/385 398/448/385
f 101/152/386 400/444/386 404/449/386 102/150/386
f 400/444/387 399/445/387 403/450/387 404/449/387
f 519/446/388 520/451/388 482/452/388 481/447/388
f 518/440/389 398/448/389 402/453/389 519/446/389
f 398/448/390 397/277/390 401/275/390 402/453/390
f 102/150/391 404/449/391 408/454/391 103/148/391
f 404/449/392 403/450/392 407/455/392 408/454/392
f 520/451/393 521/456/393 483/457/393 482/452/393
f 519/446/394 402/453/394 406/458/394 520/451/394
f 402/453/395 401/275/395 405/273/395 406/458/395
f 103/148/396 408/454/396 412/459/396 104/146/396
f 408/454/397 407/455/397 411/460/397 412/459/397
f 521/456/398 522/461/398 484/462/398 483/457/398
f 520/451/399 406/458/399 410/463/399 521/456/399
f 406/458/400 405/273/400 409/271/400 410/463/400
f 104/146/401 412/459/401 416/464/401 105/144/401
f 412/459/402 411/460/402 415/465/402 416/464/402
f 522/461/403 523/466/403 485/467/403 484/462/403
f 521/456/404 410/463/404 414/468/404 522/461/404
f 410/463/405 409/271/405 413/269/405 414/468/405
f 105/144/406 416/464/406 420/469/406 106/142/406
f 416/464/407 415/465/407 419/470/407 420/469/407
f 523/466/408 524/471/408 486/472/408 485/467/408
f 522/461/409 414/468/409 418/473/409 523/466/409
f 414/468/410 413/269/410 417/267/410 418/473/410
f 106/142/411 420/469/411 424/474/411 107/140/411
f 420/469/412 419/470/412 423/475/412 424/474/412
f 524/471/413 525/476/413 487/477/413 486/472/413
f 523/466/414 418/473/414 422/478/414 524/471/414
f 418/473/415 417/267/415 421/265/415 422/478/415
f 107/140/416 424/474/416 428/479/416 108/138/416
f 424/474/417 423/475/417 427/480/417 428/479/417
f 525/476/418 526/481/418 488/482/418 487/477/418
f 524/471/419 422/478/419 426/483/419 525/476/419
f 422/478/420 421/265/420 425/263/420 426/483/420
f 108/138/421 428/479/421 432/484/421 109/136/421
f 428/479/422 427/480/422 431/485/422 432/484/422
f 526/481/423 527/486/423 489/487/423 488/482/423
f 525/476/424 426/483/424 430/488/424 526/481/424
f 426/483/425 425/263/425 429/261/425 430/488/425
f 109/136/426 432/484/426 436/489/426 110/134/426
f 432/484/427 431/485/427 435/490/427 436/489/427
f 527/486/428 528/491/428 490/492/428 489/487/428
f 526/481/429 430/488/429 434/493/429 527/486/429
f 430/488/430 429/261/430 433/259/430 434/493/430
f 110/134/431 436/489/431 440/494/431 111/132/431
f 436/489/432 435/490/432 439/495/432 440/494/432
f 528/491/433 529/496/433 491/497/433 490/492/433
f 527/486/434 434/493/434 438/498/434 528/491/434
f 434/493/435 433/259/435 437/257/435 438/498/435
f 111/132/436 440/494/436 444/499/436 112/130/436
f 440/494/437 439/495/437 443/500/437 444/499/437
f 529/496/438 530/501/438 492/502/438 491/497/438
f 528/491/439 438/498/439 442/503/439 529/496/439
f 438/498/440 437/257/440 441/255/440 442/503/440
f 112/130/441 444/499/441 448/504/441 113/128/441
f 444/499/442 443/500/442 447/505/442 448/504/442
f 530/501/443 531/506/443 493/507/443 492/502/443
f 529/496/444 442/503/444 446/508/444 530/501/444
f 442/503/445 441/255/445 445/253/445 446/508/445
f 113/128/446 448/504/446 452/509/446 114/124/446
f 448/504/447 447/505/447 451/510/447 452/509/447
f 531/506/448 532/511/448 494/512/448 493/507/448
f 530/501/449 446/508/449 450/513/449 531/506/449
f 446/508/450 445/253/450 449/249/450 450/513/450
f 114/124/451 452/509/451 453/514/451 77/125/451
f 452/509/452 451/510/452 454/515/452 453/514/452
f 531/506/453 450/513/453 455/516/453 532/511/453
f 450/513/454 449/249/454 456/252/454 455/516/454
f 451/510/455 493/507/455 494/512/455 454/515/455
f 447/505/456 492/502/456 493/507/456 451/510/456
f 443/500/457 491/497/457 492/502/457 447/505/457
f 439/495/458 490/492/458 491/497/458 443/500/458
f 435/490/459 489/487/459 490/492/459 439/495/459
f 431/485/460 488/482/460 489/487/460 435/490/460
f 427/480/461 487/477/461 488/482/461 431/485/461
f 423/475/462 486/472/462 487/477/462 427/480/462
f 419/470/463 485/467/463 486/472/463 423/475/463
f 415/465/464 484/462/464 485/467/464 419/470/464
f 411/460/465 483/457/465 484/462/465 415/465/465
f 407/455/466 482/452/466 483/457/466 411/460/466
f 403/450/467 481/447/467 482/452/467 407/455/467
f 399/445/468 480/441/468 481/447/468 403/450/468
f 395/438/469 479/442/469 480/441/469 399/445/469
f 391/429/470 478/435/470 479/442/470 395/438/470
f 386/431/471 385/286/471 389/281/471 390/436/471
f 383/48/472 476/47/472 477/433/472 387/428/472
f 378/424/473 377/290/473 381/283/473 382/426/473
f 375/419/474 474/416/474 475/46/474 379/45/474
f 371/414/475 473/411/475 474/416/475 375/419/475
f 367/409/476 472/406/476 473/411/476 371/414/476
f 363/404/477 471/401/477 472/406/477 367/409/477
f 359/399/478 470/396/478 471/401/478 363/404/478
f 355/394/479 469/391/479 470/396/479 359/399/479
f 351/389/480 468/386/480 469/391/480 355/394/480
f 347/384/481 467/381/481 468/386/481 351/389/481
f 343/379/482 466/376/482 467/381/482 347/384/482
f 339/374/483 465/371/483 466/376/483 343/379/483
f 335/369/484 464/366/484 465/371/484 339/374/484
f 331/364/485 463/361/485 464/366/485 335/369/485
f 327/359/486 462/356/486 463/361/486 331/364/486
f 323/354/487 461/351/487 462/356/487 327/359/487
f 319/349/488 460/346/488 461/351/488 323/354/488
f 315/344/489 459/341/489 460/346/489 319/349/489
f 311/339/490 458/333/490 459/341/490 315/344/490
f 307/330/491 457/334/491 458/333/491 311/339/491
f 454/329/492 494/517/492 457/334/492 307/330/492
f 516/434/493 517/439/493 479/442/493 478/435/493
f 514/425/494 515/432/494 477/433/494 476/47/494
f 387/428/495 477/433/495 478/435/495 391/429/495
f 494/517/496 532/335/496 495/331/496 457/334/496
o Cone
v 4.339641 4.161246 -0.409237
v 4.419479 4.161246 -0.401373
v 4.496249 4.161246 -0.378085
v 4.567001 4.161246 -0.340268
v 4.629015 4.161246 -0.289374
v 4.679909 4.161246 -0.227360
v 4.717726 4.161246 -0.156608
v 4.741014 4.161246 -0.079838
v 4.748878 4.161246 -0.000000
v 4.741014 4.161246 0.079838
v 4.717726 4.161246 0.156608
v 4.679909 4.161246 0.227360
v 4.629015 4.161246 0.289374
v 4.567001 4.161246 0.340268
v 4.496249 4.161246 0.378085
v 4.419479 4.161246 0.401373
v 4.339641 4.161246 0.409236
v 4.259803 4.161246 0.401373
v 4.183033 4.161246 0.378085
v 4.112281 4.161246 0.340268
v 4.050267 4.161246 0.289374
v 3.999373 4.161246 0.227360
v 3.961556 4.161246 0.156608
v 3.938268 4.161246 0.079838
v 3.930405 4.161246 -0.000000
v 3.938268 4.161246 -0.079838
v 3.961556 4.161246 -0.156608
v 3.999373 4.161246 -0.227360
v 4.050267 4.161246 -0.289374
v 4.112281 4.161246 -0.340268
v 4.183033 4.161246 -0.378085
v 4.259803 4.161246 -0.401373
v 4.339641 8.646289 -0.000000
vn 0.0976 0.0904 -0.9911
vn 0.2891 0.0904 -0.9530
vn 0.4695 0.0904 -0.8783
vn 0.6318 0.0904 -0.7698
vn 0.7698 0.0904 -0.6318
vn 0.8783 0.0904 -0.4695
vn 0.9530 0.0904 -0.2891
vn 0.9911 0.0904 -0.0976
vn 0.9911 0.0904 0.0976
vn 0.9530 0.0904 0.2891
vn 0.8783 0.0904 0.4695
vn 0.7698 0.0904 0.6318
vn 0.6318 0.0904 0.7698
vn 0.4695 0.0904 0.8783
vn 0.2891 0.0904 0.9530
vn 0.0976 0.0904 0.9911
vn -0.0976 0.0904 0.9911
vn -0.2891 0.0904 0.9530
vn -0.4695 0.0904 0.8783
vn -0.6318 0.0904 0.7698
vn -0.7698 0.0904 0.6318
vn -0.8783 0.0904 0.4695
vn -0.9530 0.0904 0.2891
vn -0.9911 0.0904 0.0976
vn -0.9911 0.0904 -0.0976
vn -0.9530 0.0904 -0.2891
vn -0.8783 0.0904 -0.4695
vn -0.7698 0.0904 -0.6318
vn -0.6318 0.0904 -0.7698
vn -0.4695 0.0904 -0.8783
vn -0.0000 -1.0000 -0.0000
vn -0.2891 0.0904 -0.9530
vn -0.0976 0.0904 -0.9911
vt 0.250000 0.490000
vt 0.250000 0.250000
vt 0.296822 0.485388
vt 0.341844 0.471731
vt 0.383337 0.449553
vt 0.419706 0.419706
vt 0.449553 0.383337
vt 0.471731 0.341844
vt 0.485388 0.296822
vt 0.490000 0.250000
vt 0.485388 0.203178
vt 0.471731 0.158156
vt 0.449553 0.116663
vt 0.419706 0.080294
vt 0.383337 0.050447
vt 0.341844 0.028269
vt 0.296822 0.014612
vt 0.250000 0.010000
vt 0.203178 0.014612
vt 0.158156 0.028269
vt 0.116663 0.050447
vt 0.080294 0.080294
vt 0.050447 0.116663
vt 0.028269 0.158156
vt 0.014612 0.203178
vt 0.010000 0.250000
vt 0.014612 0.296822
vt 0.028269 0.341844
vt 0.050447 0.383337
vt 0.080294 0.419706
vt 0.116663 0.449553
vt 0.158156 0.471731
vt 0.750000 0.490000
vt 0.796822 0.485388
vt 0.841844 0.471731
vt 0.883337 0.449553
vt 0.919706 0.419706
vt 0.949553 0.383337
vt 0.971731 0.341844
vt 0.985388 0.296822
vt 0.990000 0.250000
vt 0.985388 0.203178
vt 0.971731 0.158156
vt 0.949553 0.116663
vt 0.919706 0.080294
vt 0.883337 0.050447
vt 0.841844 0.028269
vt 0.796822 0.014612
vt 0.750000 0.010000
vt 0.703178 0.014612
vt 0.658156 0.028269
vt 0.616663 0.050447
vt 0.580294 0.080294
vt 0.550447 0.116663
vt 0.528269 0.158156
vt 0.514612 0.203178
vt 0.510000 0.250000
vt 0.514612 0.296822
vt 0.528269 0.341844
vt 0.550447 0.383337
vt 0.580294 0.419706
vt 0.616663 0.449553
vt 0.658156 0.471731
vt 0.703178 0.485388
vt 0.203178 0.485388
s 0
usemtl Material.004
f 533/518/497 565/519/497 534/520/497
f 534/520/498 565/519/498 535/521/498
f 535/521/499 565/519/499 536/522/499
f 536/522/500 565/519/500 537/523/500
f 537/523/501 565/519/501 538/524/501
f 538/524/502 565/519/502 539/525/502
f 539/525/503 565/519/503 540/526/503
f 540/526/504 565/519/504 541/527/504
f 541/527/505 565/519/505 542/528/505
f 542/528/506 565/519/506 543/529/506
f 543/529/507 565/519/507 544/530/507
f 544/530/508 565/519/508 545/531/508
f 545/531/509 565/519/509 546/532/509
f 546/532/510 565/519/510 547/533/510
f 547/533/511 565/519/511 548/534/511
f 548/534/512 565/519/512 549/535/512
f 549/535/513 565/519/513 550/536/513
f 550/536/514 565/519/514 551/537/514
f 551/537/515 565/519/515 552/538/515
f 552/538/516 565/519/516 553/539/516
f 553/539/517 565/519/517 554/540/517
f 554/540/518 565/519/518 555/541/518
f 555/541/519 565/519/519 556/542/519
f 556/542/520 565/519/520 557/543/520
f 557/543/521 565/519/521 558/544/521
f 558/544/522 565/519/522 559/545/522
f 559/545/523 565/519/523 560/546/523
f 560/546/524 565/519/524 561/547/524
f 561/547/525 565/519/525 562/548/525
f 562/548/526 565/519/526 563/549/526
f 533/550/527 534/551/527 535/552/527 536/553/527 537/554/527 538/555/527 539/556/527 540/557/527 541/558/527 542/559/527 543/560/527 544/561/527 545/562/527 546/563/527 547/564/527 548/565/527 549/566/527 550/567/527 551/568/527 552/569/527 553/570/527 554/571/527 555/572/527 556/573/527 557/574/527 558/575/527 559/576/527 560/577/527 561/578/527 562/579/527 563/580/527 564/581/527
f 563/549/528 565/519/528 564/582/528
f 564/582/529 565/519/529 533/518/529
o Sphere.001
v 4.991359 9.012857 -1.190744
v 4.327304 9.741117 -1.190744
v 4.991310 9.643766 -1.036874
v 5.477410 9.377295 -0.616494
v 4.327263 10.274425 -0.705331
v 4.991273 10.105622 -0.616494
v 5.477390 9.643949 -0.373788
v 4.327248 10.469628 -0.042245
v 4.991261 10.274673 -0.042245
v 5.477382 9.741550 -0.042245
v 4.327263 10.274425 0.620841
v 4.991273 10.105622 0.532005
v 5.477390 9.643949 0.289298
v 4.327304 9.741117 1.106254
v 4.991310 9.643765 0.952384
v 5.477410 9.377295 0.532005
v 4.327361 8.839475 1.283927
v 4.991359 8.839725 1.106254
v 5.385629 8.839908 0.620841
v 4.326912 7.729539 1.151882
v 4.680026 8.044703 1.023360
v 5.389616 8.648786 0.532005
v 4.325317 6.564801 0.944392
v 4.661087 6.677274 0.855555
v 5.477488 8.382132 0.289298
v 4.326223 7.226320 -0.124911
v 4.991416 7.421774 -0.124911
v 5.477495 8.284531 -0.042245
v 4.327141 7.896804 -0.705331
v 4.991451 7.978455 -0.616494
v 5.477488 8.382132 -0.373788
v 4.327671 8.284097 -1.190744
v 4.991408 8.381949 -1.036874
v 5.477467 8.648786 -0.616494
v 4.327361 9.012608 -1.368417
v 5.477439 9.013041 -0.705331
v 4.910402 7.122674 0.574804
v 5.290251 8.069012 0.759944
v 4.704695 7.044224 1.021962
v 4.538021 7.295590 0.998689
v 4.326251 7.246693 1.071759
v 4.454025 8.782281 1.195091
v 4.548943 7.817384 1.087621
v 4.325474 6.678949 1.101203
v 4.989573 8.134474 1.052073
v 4.327071 7.845811 1.505570
v 4.448751 7.981999 1.344743
v 5.389604 8.737413 0.573200
v 5.282948 8.413002 0.880277
v 4.900514 8.630047 0.951403
v 4.327358 8.632935 1.226976
v 4.404694 8.637746 1.139282
v 5.385632 8.820223 0.611691
v 4.479238 8.618411 1.092510
v 4.529391 8.118320 1.136570
v 4.327001 7.794195 1.343481
v 4.527330 7.922735 1.342931
v 4.781980 7.553234 0.958427
v 4.326839 7.676562 1.127513
v 4.780799 7.452103 1.051426
v 4.433095 7.678077 1.076629
v 4.433620 7.522096 1.184937
v 4.405815 7.682400 1.111624
v 4.404059 7.525346 1.220225
v 4.326612 7.510443 1.230979
v 4.326309 7.289039 1.136142
v 4.543572 7.289560 1.108866
v 4.326551 7.465700 1.159606
v 4.398679 7.479346 1.142357
v 4.432352 7.475880 1.124925
v 4.326519 7.442244 1.196595
v 4.394680 7.455932 1.190114
v 4.425215 7.452083 1.177104
v 4.326890 7.713409 1.178470
v 4.795126 7.594447 0.894626
v 4.399598 7.705184 1.150539
v 4.434508 7.702100 1.152404
v 5.103244 7.876764 0.881136
v 4.871076 6.938277 0.691036
v 5.417301 8.258818 0.843075
v 4.325844 6.949423 1.135608
v 4.557008 6.709061 1.062341
v 4.697286 6.994320 1.021962
v 4.538021 7.295590 1.056652
v 4.326309 7.289039 1.136142
v 4.326251 7.246693 1.071759
v 4.543572 7.289560 1.108866
v 4.326280 7.267866 1.103951
v 4.639343 7.169907 1.043993
v 4.533148 7.145459 1.046860
v 4.540797 7.292575 1.053777
v 4.435081 7.289299 1.122504
v 4.549634 7.281184 1.057985
v 4.465172 8.580288 1.098978
v 4.571313 8.573641 1.076847
v 4.513459 8.573063 1.081760
v 4.959640 8.416948 1.039401
v 5.284833 8.772727 0.884401
v 5.201360 8.839824 0.943378
v 5.280084 8.715896 0.884659
v 4.548572 8.747200 1.166306
v 4.581514 8.619268 1.033584
v 4.744201 8.813302 1.147116
v 4.692885 8.506273 1.065124
v 4.964191 8.797592 0.989912
v 5.225387 8.709035 0.829131
v 5.225698 8.755478 0.828385
v 4.654530 8.554855 1.011929
v 4.668427 8.747106 1.046801
v 4.950331 8.489306 0.952169
v 5.167906 8.791936 0.921248
v 5.189657 8.530787 0.881988
v 5.121807 8.608091 0.932081
v 5.107022 8.648644 0.930856
v 4.936594 8.565759 1.007096
v 4.937958 8.750965 1.019733
v 4.683202 8.619884 1.072030
v 4.735556 8.703341 1.103680
v 5.065954 8.693696 0.951555
v 4.717873 8.599331 1.060514
v 5.121397 8.599364 0.962652
v 5.083462 8.619040 0.896922
v 4.926642 8.586103 0.957546
v 4.931030 8.725092 0.974407
v 4.724274 8.628482 1.026616
v 5.074171 8.652224 0.893296
v 4.757128 8.688727 1.045381
v 5.027340 8.688186 0.929801
v 4.756538 8.601572 1.014587
v 4.991347 9.022248 1.071324
v 4.690176 8.975521 1.137081
v 5.234701 8.944403 0.838376
v 4.794029 8.829021 1.240754
v 5.041187 8.855443 1.199892
v 4.377190 8.855193 1.377565
v 4.503853 8.797999 1.288729
v 5.234360 9.510530 -0.826684
v 4.598401 8.762918 1.259944
v 5.041176 9.037966 1.164962
v 4.740004 8.991240 1.230719
v 5.220088 9.888313 -0.502253
v 5.149806 9.003217 1.060977
v 4.327356 8.919052 1.268246
v 5.180410 8.961770 0.890346
v 4.991338 9.174355 1.042216
v 4.483947 9.107147 1.179370
v 4.854026 9.190368 1.074823
v 4.383095 8.855501 1.378974
v 4.745909 8.991548 1.232127
v 5.047081 9.038275 1.166371
v 4.383095 8.855501 1.378974
v 4.327356 8.919052 1.268246
v 5.180410 8.961770 0.890346
v 5.076531 9.028853 1.138180
v 4.989828 9.173921 1.039641
v 5.047080 9.062393 1.161755
v 4.601256 9.016307 1.292268
v 4.482501 9.106731 1.176903
v 4.895234 9.078849 1.190360
v 4.852518 9.189934 1.072251
v 5.201360 8.839824 0.943378
v 5.081831 8.855462 1.168369
v 5.149806 9.003217 1.060977
v 5.234701 8.944403 0.838376
v 5.197660 9.909614 0.428961
v 5.221094 10.022619 -0.042245
v 5.090162 9.589577 0.866896
v 4.991326 9.372215 1.004351
v 5.260918 9.095163 0.725681
v 4.327304 9.741117 -1.190744
v 4.991310 9.643766 -1.036874
v 4.327263 10.274425 -0.705331
v 4.991273 10.105622 -0.616494
v 4.327248 10.469628 -0.042245
v 4.991261 10.274673 -0.042245
v 4.327263 10.274425 0.620841
v 4.991273 10.105622 0.532005
v 4.327304 9.741117 1.106254
v 4.991310 9.643765 0.952384
v 4.991326 9.372215 1.004351
v 4.327356 8.919052 1.268246
v 4.483947 9.107147 1.179370
v 4.854026 9.190368 1.074823
v 4.991338 9.174355 1.042216
v 5.234461 8.839839 0.885438
v 4.991320 9.515832 -1.068075
v 5.250781 9.990061 -0.042245
v 5.119116 9.573705 0.841858
v 5.271525 9.839462 -0.476571
v 5.277627 9.486813 -0.789267
v 5.219731 9.888653 0.417941
v 5.270970 9.312796 -0.838368
v 5.297879 9.089520 0.693482
v 5.025247 9.375626 0.965053
v 5.343383 9.524694 -0.789268
v 5.543167 9.415177 -0.616495
v 5.057076 9.553714 -1.068076
v 5.337281 9.877344 -0.476572
v 5.543146 9.681831 -0.373789
v 5.316537 10.027943 -0.042246
v 5.543139 9.779433 -0.042246
v 5.285487 9.926535 0.417940
v 5.543146 9.681831 0.289297
v 5.184872 9.611588 0.841857
v 5.543167 9.415177 0.532004
v 5.336726 9.350677 -0.838369
v 5.363636 9.127401 0.693481
v 5.091003 9.413507 0.965052
v 5.234461 8.839839 0.885438
v 5.363636 9.127401 0.693481
v 5.511535 9.229969 0.562621
v 5.385629 8.839908 0.620841
v 5.057098 9.269422 -1.137411
v 4.991359 9.012857 -1.190744
v 5.477439 9.013041 -0.705331
v 5.543178 9.269605 -0.651999
v 4.711808 7.080019 1.028237
v 4.746701 7.265189 0.947008
v 4.837075 6.896016 0.717674
v 4.625250 7.857138 1.117483
v 4.605525 7.892636 1.196507
v 4.531863 7.923991 1.344318
v 4.453362 7.983276 1.346154
v 4.647290 8.072797 1.241829
v 4.534074 8.119617 1.138003
v 4.646512 8.108856 1.147349
v 5.121809 7.855000 0.945270
v 4.589879 8.551877 1.140981
v 5.008139 8.112710 1.116207
v 4.717938 8.022938 1.087494
v 4.532024 8.551299 1.145894
v 5.399280 8.069012 0.759944
v 5.352092 8.004547 0.850996
v 5.369539 8.217772 0.939618
v 5.417301 8.258818 0.843075
v 5.098131 7.856093 0.876949
v 4.827474 7.774584 1.001150
v 5.089970 7.853994 0.883589
v 5.434068 8.754395 0.214756
v 5.475778 8.487794 0.212779
v 5.476492 8.359683 -0.042245
v 5.473609 9.228177 -0.202337
v 5.474271 8.580866 -0.229869
v 5.473752 9.293513 -0.042245
v 5.474312 8.730407 -0.371306
v 5.473686 9.236644 0.121339
v 5.474053 8.933418 -0.400311
v 5.473811 9.113491 0.250082
v 5.473730 9.107593 -0.328269
v 5.430890 8.839931 0.265458
v 5.624053 8.933082 -0.394420
v 5.547691 8.839612 -0.036355
v 5.647002 9.107255 -0.322379
v 5.689440 9.227839 -0.196447
v 5.689584 9.293177 -0.036355
v 5.689517 9.236306 0.127229
v 5.623810 9.113153 0.255973
v 5.504949 8.839593 0.326215
v 5.488299 8.487766 0.213271
v 5.519643 8.636470 0.110758
v 5.489100 8.359654 -0.041750
v 5.539736 8.562452 -0.036355
v 5.538439 8.691052 -0.143939
v 5.486929 8.580837 -0.229371
v 5.550115 8.776926 -0.224663
v 5.486987 8.730378 -0.370809
v 5.624122 8.878720 -0.386654
v 5.446535 8.754368 0.215246
v 5.513187 8.790586 0.110916
v 5.504229 8.839532 0.326178
v 3.665982 9.014672 -1.190744
v 4.332027 9.741112 -1.190744
v 3.667758 9.645578 -1.036874
v 3.180930 9.380440 -0.616494
v 4.333529 10.274416 -0.705331
v 3.669059 10.107432 -0.616494
v 3.181681 9.647092 -0.373788
v 4.334079 10.469619 -0.042245
v 3.669535 10.276484 -0.042245
v 3.181955 9.744694 -0.042245
v 4.333529 10.274416 0.620841
v 3.669059 10.107432 0.532005
v 3.181681 9.647092 0.289298
v 4.332027 9.741112 1.106254
v 3.667758 9.645577 0.952384
v 3.180930 9.380440 0.532005
v 4.329502 8.839472 1.283927
v 3.665508 8.841539 1.106254
v 3.271240 8.842803 0.620841
v 3.974662 8.045668 1.023360
v 3.266728 8.651691 0.532005
v 3.989857 6.678192 0.855555
v 3.178127 8.385280 0.289298
v 3.661568 7.423594 -0.124911
v 3.177853 8.287679 -0.042245
v 3.663057 7.980274 -0.616494
v 3.178127 8.385280 -0.373788
v 3.664205 8.383766 -1.036874
v 3.178878 8.651932 -0.616494
v 4.329977 9.012604 -1.368417
v 3.179904 9.016186 -0.705331
v 3.741762 7.124274 0.574804
v 3.364507 8.071649 0.759944
v 3.947254 7.045260 1.021962
v 4.114615 7.296169 0.998689
v 4.202682 8.782625 1.195091
v 4.105123 7.817992 1.087621
v 3.665361 8.136287 1.052073
v 4.205764 7.982331 1.344743
v 3.266984 8.740319 0.573200
v 3.372751 8.415617 0.880277
v 3.755778 8.631614 0.951403
v 4.328939 8.632933 1.226976
v 4.251617 8.637956 1.139282
v 3.271183 8.823117 0.611691
v 4.177021 8.618825 1.092510
v 4.125498 8.118874 1.136570
v 4.127024 7.923284 1.342931
v 3.871363 7.554481 0.958427
v 3.872267 7.453346 1.051426
v 4.220588 7.678368 1.076629
v 4.219636 7.522388 1.184937
v 4.247880 7.682616 1.111624
v 4.249206 7.525558 1.220225
v 4.109047 7.290155 1.108866
v 4.254460 7.479543 1.142357
v 4.220778 7.476170 1.124925
v 4.258395 7.456118 1.190114
v 4.227849 7.452353 1.177104
v 3.858330 7.595730 0.894626
v 4.254159 7.705382 1.150539
v 4.219242 7.702395 1.152404
v 3.550986 7.878890 0.881136
v 3.780584 6.939770 0.691036
v 3.237977 8.261801 0.843075
v 4.094023 6.709695 1.062341
v 3.954526 6.995337 1.021962
v 4.114615 7.296169 1.056652
v 4.109047 7.290155 1.108866
v 4.012949 7.170764 1.043993
v 4.119078 7.146026 1.046860
v 4.111832 7.293162 1.053777
v 4.217538 7.289597 1.122504
v 4.102963 7.281796 1.057985
v 4.190982 8.580664 1.098978
v 4.084823 8.574307 1.076847
v 4.142675 8.573571 1.081760
v 3.696069 8.418677 1.039401
v 3.371850 8.775346 0.884401
v 3.455508 8.842215 0.943378
v 3.376444 8.718501 0.884659
v 4.108039 8.747804 1.166306
v 4.074747 8.619963 1.033584
v 3.912592 8.814441 1.147116
v 3.963067 8.507273 1.065124
v 3.692559 8.799334 0.989912
v 3.431123 8.711491 0.829131
v 3.430939 8.757936 0.828385
v 4.001555 8.555749 1.011929
v 3.988184 8.748036 1.046801
v 3.705575 8.491011 0.952169
v 3.488830 8.794234 0.921248
v 3.466364 8.533145 0.881988
v 3.534426 8.610265 0.932081
v 3.549321 8.650777 0.930856
v 3.719522 8.567426 1.007096
v 3.718665 8.752635 1.019733
v 3.973061 8.620856 1.072030
v 3.920936 8.704455 1.103680
v 3.590513 8.695716 0.951555
v 3.938334 8.600398 1.060514
v 3.534811 8.601536 0.962652
v 3.572800 8.621108 0.896922
v 3.729529 8.587743 0.957546
v 3.725522 8.726743 0.974407
v 3.932013 8.629566 1.026616
v 3.582182 8.654266 0.893296
v 3.899324 8.689901 1.045381
v 3.629111 8.690100 0.929801
v 3.899675 8.602745 1.014587
v 3.666019 9.024062 1.071324
v 3.967062 8.976511 1.137081
v 3.422453 8.946884 0.838376
v 3.862807 8.830296 1.240754
v 3.615723 8.857394 1.199892
v 4.279717 8.855326 1.377565
v 4.152897 8.798480 1.288729
v 3.424344 9.513009 -0.826684
v 4.058254 8.763658 1.259944
v 3.616233 9.039917 1.164962
v 3.917276 8.992366 1.230719
v 3.439650 9.890751 -0.502253
v 3.507509 9.005466 1.060977
v 4.329725 8.919049 1.268246
v 3.476791 8.964102 0.890346
v 3.666444 9.176168 1.042216
v 4.173649 9.107573 1.179370
v 3.803800 9.191805 1.074823
v 4.273812 8.855651 1.378974
v 3.911372 8.992690 1.232127
v 3.610329 9.040241 1.166371
v 4.273812 8.855651 1.378974
v 4.329725 8.919049 1.268246
v 3.476791 8.964102 0.890346
v 3.580853 9.030901 1.138180
v 3.667953 9.175731 1.039641
v 3.610396 9.064360 1.161755
v 4.056092 9.017054 1.292268
v 4.175095 9.107153 1.176903
v 3.762287 9.080400 1.190360
v 3.805307 9.191367 1.072251
v 3.455508 8.842215 0.943378
v 3.575079 8.857525 1.168369
v 3.507509 9.005466 1.060977
v 3.422453 8.946884 0.838376
v 3.462137 9.911990 0.428961
v 3.439013 10.025059 -0.042245
v 3.568758 9.591660 0.866896
v 3.666998 9.374028 1.004351
v 3.396649 9.097715 0.725681
v 4.332027 9.741112 -1.190744
v 3.667758 9.645578 -1.036874
v 4.333529 10.274416 -0.705331
v 3.669059 10.107432 -0.616494
v 4.334079 10.469619 -0.042245
v 3.669535 10.276484 -0.042245
v 4.333529 10.274416 0.620841
v 3.669059 10.107432 0.532005
v 4.332027 9.741112 1.106254
v 3.667758 9.645577 0.952384
v 3.666998 9.374028 1.004351
v 4.329725 8.919049 1.268246
v 4.173649 9.107573 1.179370
v 3.803800 9.191805 1.074823
v 3.666444 9.176168 1.042216
v 3.422406 8.842319 0.885438
v 3.667398 9.517645 -1.068075
v 3.409236 9.992582 -0.042245
v 3.539761 9.575868 0.841858
v 3.388080 9.842041 -0.476571
v 3.381012 9.489409 -0.789267
v 3.440008 9.891088 0.417941
v 3.387193 9.315375 -0.838368
v 3.359672 9.092174 0.693482
v 3.633087 9.377532 0.965053
v 3.315360 9.527472 -0.789268
v 3.115277 9.418502 -0.616495
v 3.601746 9.555706 -1.068076
v 3.322428 9.880103 -0.476572
v 3.116028 9.685154 -0.373789
v 3.343584 10.030643 -0.042246
v 3.116303 9.782755 -0.042246
v 3.374356 9.929151 0.417940
v 3.116028 9.685154 0.289297
v 3.474108 9.613929 0.841857
v 3.115277 9.418502 0.532004
v 3.321540 9.353436 -0.838369
v 3.294020 9.130235 0.693481
v 3.567434 9.415594 0.965052
v 3.422406 8.842319 0.885438
v 3.294020 9.130235 0.693481
v 3.146402 9.233207 0.562621
v 3.271240 8.842803 0.620841
v 3.600945 9.271415 -1.137411
v 3.665982 9.014672 -1.190744
v 3.179904 9.016186 -0.705331
v 3.114868 9.272929 -0.651999
v 3.940238 7.081075 1.028237
v 3.905854 7.266340 0.947008
v 3.814469 6.897416 0.717674
v 4.028925 7.857955 1.117483
v 4.048747 7.893398 1.196507
v 4.122494 7.924552 1.344318
v 4.201157 7.983622 1.346154
v 4.007475 8.073673 1.241829
v 4.120819 8.120183 1.138003
v 4.008352 8.109730 1.147349
v 3.532361 7.857176 0.945270
v 4.066198 8.552594 1.140981
v 3.646737 8.114573 1.116207
v 3.936691 8.024008 1.087494
v 4.124051 8.551858 1.145894
v 3.255478 8.071947 0.759944
v 3.302489 8.007353 0.850996
v 3.285625 8.220625 0.939618
v 3.237977 8.261801 0.843075
v 3.556043 7.858204 0.876949
v 3.826476 7.775955 1.001150
v 3.564198 7.856083 0.883589
v 3.222566 8.757423 0.214756
v 3.180127 8.490937 0.212779
v 3.179062 8.362828 -0.042245
v 3.184323 9.231311 -0.202337
v 3.181888 8.584004 -0.229869
v 3.184358 9.296648 -0.042245
v 3.182256 8.733545 -0.371306
v 3.184269 9.239778 0.121339
v 3.183072 8.936555 -0.400311
v 3.183807 9.116626 0.250082
v 3.183871 9.110727 -0.328269
v 3.225979 8.842949 0.265458
v 3.033072 8.936628 -0.394420
v 3.109176 8.842951 -0.036355
v 3.010599 9.110865 -0.322379
v 2.968492 9.231565 -0.196447
v 2.968527 9.296902 -0.036355
v 2.968438 9.240031 0.127229
v 3.033807 9.116699 0.255973
v 3.151919 8.842814 0.326215
v 3.167605 8.490943 0.213271
v 3.136669 8.639731 0.110758
v 3.166454 8.362835 -0.041750
v 3.116373 8.565770 -0.036355
v 3.118022 8.694366 -0.143939
v 3.169230 8.584011 -0.229371
v 3.106582 8.780272 -0.224663
v 3.169582 8.733551 -0.370809
v 3.032853 8.882267 -0.386654
v 3.210099 8.757429 0.215246
v 3.143547 8.793831 0.110916
v 3.152639 8.842752 0.326178
vn 0.2515 0.2293 -0.9403
vn -0.4931 0.8560 0.1554
vn 0.2882 -0.5003 0.8165
vn -0.2770 0.2280 0.9334
vn 0.0014 1.0000 -0.0000
vn 0.4837 -0.8396 -0.2472
vn 0.0345 0.3801 -0.9243
vn 0.3615 -0.6276 -0.6895
vn -0.3553 0.6167 -0.7024
vn 0.6626 -0.4336 0.6107
vn 0.9402 -0.0948 0.3273
vn 0.2796 0.1033 0.9546
vn 0.9480 -0.3033 0.0963
vn -0.0208 0.7251 0.6883
vn 0.2058 -0.8222 -0.5307
vn 0.8779 -0.4752 -0.0587
vn 0.1842 -0.6467 -0.7401
vn 0.7754 -0.4943 -0.3929
vn 0.0222 0.7202 -0.6934
vn 0.6963 -0.5048 -0.5103
vn -0.0075 0.9445 0.3284
vn 0.2167 -0.7355 -0.6420
vn 0.6964 -0.1700 -0.6973
vn 0.0118 0.9258 -0.3778
vn 0.2517 -0.2292 -0.9403
vn 0.8895 -0.3478 0.2962
vn 0.3513 -0.1128 0.9295
vn 0.3558 0.2177 0.9089
vn 0.5449 -0.6921 0.4733
vn 0.5772 0.0479 0.8152
vn 0.6809 0.2514 0.6879
vn 0.5706 -0.3227 0.7552
vn 0.1945 -0.9112 0.3632
vn 0.7962 0.4390 0.4164
vn 0.0977 0.3962 0.9129
vn 0.8249 0.1953 0.5305
vn 0.3905 -0.4446 0.8061
vn 0.4699 -0.8173 0.3335
vn 0.1580 -0.8960 0.4151
vn 0.4159 0.5600 0.7166
vn 0.1161 0.8890 0.4430
vn 0.7382 0.3822 0.5558
vn 0.0696 0.5470 0.8342
vn 0.5332 -0.8321 -0.1528
vn 0.1613 -0.8081 0.5665
vn 0.2472 -0.2383 0.9392
vn 0.3324 -0.4590 0.8239
vn 0.6567 -0.2940 0.6945
vn -0.8998 -0.3315 0.2837
vn 0.1800 -0.1244 0.9758
vn -0.0400 0.0988 -0.9943
vn -1.0000 0.0014 -0.0000
vn 0.1030 -0.0518 0.9933
vn 0.7357 0.6773 -0.0000
vn 0.0014 0.9996 0.0296
vn 0.0611 -0.1067 0.9924
vn 0.3402 0.0339 0.9398
vn 0.6179 0.3711 0.6932
vn 0.5219 -0.0481 0.8517
vn 0.0851 -0.1686 0.9820
vn 0.9531 -0.0281 0.3014
vn -0.7037 0.0414 0.7092
vn 0.1922 -0.8472 0.4953
vn 0.0651 -0.5223 0.8503
vn 0.4718 -0.6837 0.5567
vn 0.2967 0.0758 0.9519
vn 0.5031 0.6504 0.5691
vn -0.1662 0.5088 0.8447
vn 0.5198 -0.0858 0.8500
vn 0.6114 0.1194 0.7823
vn 0.4807 -0.3324 0.8114
vn 0.2978 0.7710 0.5629
vn 0.4722 -0.7778 0.4148
vn -0.2136 -0.8427 0.4941
vn -0.7202 -0.1913 0.6669
vn -0.0218 -0.6506 0.7591
vn -0.0681 0.9342 0.3502
vn 0.2888 0.2989 0.9095
vn 0.3908 -0.3844 0.8363
vn 0.3146 -0.3598 0.8784
vn 0.2907 0.1840 0.9390
vn 0.2764 0.8969 0.3452
vn -0.1689 0.9828 -0.0751
vn 0.2340 0.0162 0.9721
vn 0.7660 0.1985 0.6114
vn -0.2269 -0.9336 0.2775
vn 0.3191 -0.9476 -0.0108
vn 0.1222 -0.9874 0.1007
vn 0.6897 0.1361 0.7112
vn -0.2540 -0.9227 0.2901
vn 0.7248 0.6609 0.1945
vn -0.3423 0.9393 0.0245
vn 0.1024 0.9707 -0.2174
vn 0.1674 -0.9836 0.0677
vn 0.3370 -0.9407 -0.0390
vn 0.7906 0.5882 0.1703
vn -0.2968 0.6671 0.6833
vn 0.0309 0.7671 0.6407
vn 0.2153 0.7593 0.6141
vn -0.8656 0.0968 0.4913
vn 0.3163 -0.0008 0.9487
vn 0.6701 -0.6887 -0.2768
vn -0.0985 -0.9702 0.2213
vn 0.7072 0.1329 0.6944
vn -0.5055 -0.7519 0.4232
vn -0.0657 -0.9769 0.2032
vn 0.2275 -0.9733 0.0307
vn 0.9087 -0.0136 0.4173
vn 0.0915 -0.9889 0.1173
vn 0.6837 0.1656 0.7107
vn 0.7101 0.4740 0.5207
vn 0.7248 0.6609 -0.1945
vn 0.7101 0.4740 -0.5207
vn 0.2607 0.6499 -0.7139
vn 0.2711 0.9234 -0.2718
vn 0.2711 0.9234 0.2718
vn 0.2607 0.6499 0.7139
vn 0.2533 0.1779 0.9509
vn 0.6963 0.1701 -0.6973
vn 0.7340 0.1307 0.6664
vn -0.3507 0.6088 0.7116
vn -0.4419 0.7671 0.4650
vn 0.4837 -0.8396 0.2472
vn -0.1577 0.2737 -0.9488
vn -0.2938 0.5100 0.8084
vn -0.4748 0.8242 -0.3085
vn 0.3616 -0.6276 0.6895
vn 0.8053 -0.0866 0.5865
vn 0.6881 0.0319 0.7249
vn -0.3597 0.6244 0.6933
vn 0.1033 -0.1794 -0.9783
vn 0.7062 -0.0340 -0.7072
vn -0.1353 0.2348 -0.9626
vn 0.1353 -0.2348 0.9626
vn 0.4448 -0.1381 0.8849
vn -0.9516 0.1413 0.2730
vn 0.8650 -0.1977 0.4612
vn 0.4544 -0.1542 0.8774
vn -0.0767 0.8749 0.4782
vn 0.6895 -0.0367 0.7233
vn 0.9811 -0.1617 0.1066
vn -0.2029 -0.2976 0.9329
vn 0.3496 -0.8487 0.3970
vn -0.3580 0.8387 0.4105
vn 0.1827 0.1398 -0.9732
vn 0.0007 -0.2567 0.9665
vn 0.0174 0.9483 0.3168
vn 0.7246 0.6888 0.0240
vn -0.4150 -0.8914 -0.1824
vn 0.9145 -0.2240 0.3369
vn 0.2599 -0.7686 -0.5845
vn 0.5074 -0.3341 0.7943
vn -0.0000 0.4012 -0.9160
vn -0.1020 0.9327 0.3460
vn -0.4041 -0.9120 -0.0706
vn 0.3729 0.1280 0.9190
vn 0.2933 -0.0683 0.9536
vn 0.6472 -0.3019 0.7000
vn 1.0000 -0.0081 -0.0024
vn 0.9709 0.1505 0.1861
vn 0.9917 -0.0368 0.1236
vn 0.9999 0.0090 0.0099
vn 1.0000 -0.0062 -0.0069
vn 0.9999 -0.0025 0.0105
vn 0.9999 0.0134 -0.0039
vn 1.0000 -0.0062 0.0069
vn 0.9999 0.0030 0.0119
vn 0.9812 -0.1469 0.1250
vn 1.0000 -0.0081 0.0024
vn 0.9999 0.0134 0.0039
vn 0.9688 -0.1923 0.1564
vn 0.9404 -0.3399 0.0085
vn 0.9475 -0.2964 0.1201
vn 0.9493 -0.2970 -0.1029
vn 0.9204 -0.3749 0.1111
vn 0.9216 -0.3726 0.1086
vn 0.7257 -0.6812 -0.0965
vn 0.6807 -0.7077 0.1892
vn 0.8634 0.0964 0.4953
vn 0.9211 -0.2906 -0.2593
vn 0.9717 -0.1868 0.1444
vn 0.9343 -0.2245 -0.2770
vn -0.0393 -0.0136 0.9991
vn 0.9884 -0.0284 0.1493
vn -0.0196 -0.8934 0.4488
vn 0.9698 0.0404 0.2407
vn 0.0285 -0.6465 -0.7624
vn 0.9985 -0.0287 -0.0463
vn 0.0270 -0.6869 -0.7263
vn 0.9946 -0.0938 0.0440
vn 0.9501 -0.2555 0.1788
vn 0.0385 -0.1413 -0.9892
vn 0.9355 -0.3351 0.1121
vn -0.5044 -0.5008 0.7035
vn -0.2509 0.2300 -0.9403
vn 0.4955 0.8546 0.1554
vn -0.2896 -0.4995 0.8165
vn 0.2776 0.2272 0.9334
vn -0.4860 -0.8383 -0.2472
vn -0.0334 0.3802 -0.9243
vn -0.3632 -0.6266 -0.6895
vn 0.3570 0.6157 -0.7024
vn -0.6637 -0.4318 0.6107
vn -0.9404 -0.0923 0.3273
vn -0.2793 0.1040 0.9546
vn -0.9489 -0.3007 0.0963
vn 0.0228 0.7251 0.6883
vn -0.2081 -0.8216 -0.5307
vn -0.8792 -0.4728 -0.0587
vn -0.1860 -0.6462 -0.7401
vn -0.7768 -0.4922 -0.3929
vn -0.0203 0.7203 -0.6934
vn -0.6976 -0.5029 -0.5103
vn 0.0101 0.9445 0.3284
vn -0.2187 -0.7349 -0.6420
vn -0.6968 -0.1681 -0.6973
vn -0.0092 0.9258 -0.3778
vn -0.2524 -0.2286 -0.9403
vn -0.8905 -0.3454 0.2962
vn -0.3516 -0.1118 0.9295
vn -0.3552 0.2187 0.9089
vn -0.5468 -0.6906 0.4733
vn -0.5770 0.0495 0.8152
vn -0.6802 0.2533 0.6879
vn -0.5715 -0.3212 0.7552
vn -0.1970 -0.9107 0.3632
vn -0.7950 0.4412 0.4164
vn -0.0966 0.3965 0.9129
vn -0.8244 0.1975 0.5305
vn -0.3917 -0.4435 0.8061
vn -0.4721 -0.8160 0.3335
vn -0.1604 -0.8955 0.4151
vn -0.4143 0.5611 0.7166
vn -0.1136 0.8893 0.4430
vn -0.7371 0.3843 0.5558
vn -0.0681 0.5472 0.8342
vn -0.5354 -0.8306 -0.1528
vn -0.1635 -0.8077 0.5665
vn -0.2479 -0.2376 0.9392
vn -0.3337 -0.4581 0.8239
vn -0.6575 -0.2922 0.6945
vn 0.8989 -0.3340 0.2837
vn -0.1803 -0.1239 0.9758
vn 0.0403 0.0987 -0.9943
vn -0.1031 -0.0515 0.9933
vn -0.7338 0.6793 -0.0000
vn 0.0014 0.9996 0.0298
vn -0.0614 -0.1065 0.9924
vn -0.3401 0.0349 0.9398
vn -0.6168 0.3728 0.6932
vn -0.5220 -0.0466 0.8517
vn -0.0855 -0.1683 0.9820
vn -0.9532 -0.0255 0.3014
vn 0.7039 0.0395 0.7092
vn -0.1945 -0.8467 0.4953
vn -0.0665 -0.5221 0.8503
vn -0.4736 -0.6824 0.5567
vn -0.2965 0.0766 0.9519
vn -0.5013 0.6518 0.5691
vn 0.1676 0.5084 0.8447
vn -0.5201 -0.0844 0.8500
vn -0.6110 0.1211 0.7823
vn -0.4817 -0.3311 0.8114
vn -0.2957 0.7718 0.5629
vn -0.4743 -0.7765 0.4148
vn 0.2113 -0.8433 0.4941
vn 0.7197 -0.1932 0.6669
vn 0.0200 -0.6507 0.7591
vn 0.0707 0.9340 0.3502
vn -0.2880 0.2997 0.9095
vn -0.3919 -0.3834 0.8363
vn -0.3156 -0.3590 0.8784
vn -0.2902 0.1848 0.9390
vn -0.2739 0.8977 0.3452
vn 0.1716 0.9823 -0.0751
vn -0.2340 0.0168 0.9721
vn -0.7654 0.2006 0.6114
vn 0.2244 -0.9342 0.2775
vn -0.3217 -0.9468 -0.0108
vn -0.1249 -0.9870 0.1007
vn -0.6893 0.1380 0.7112
vn 0.2515 -0.9234 0.2901
vn -0.7230 0.6629 0.1945
vn 0.3449 0.9383 0.0245
vn -0.0997 0.9710 -0.2174
vn -0.1701 -0.9831 0.0677
vn -0.3395 -0.9398 -0.0390
vn -0.7890 0.5904 0.1703
vn 0.2986 0.6662 0.6833
vn -0.0288 0.7672 0.6407
vn -0.2132 0.7599 0.6141
vn 0.8659 0.0944 0.4913
vn -0.3163 0.0001 0.9487
vn -0.6720 -0.6868 -0.2768
vn 0.0958 -0.9705 0.2213
vn -0.7069 0.1349 0.6944
vn 0.5034 -0.7533 0.4232
vn 0.0630 -0.9771 0.2032
vn -0.2302 -0.9727 0.0307
vn -0.9087 -0.0111 0.4173
vn -0.0942 -0.9886 0.1173
vn -0.6833 0.1674 0.7107
vn -0.7088 0.4759 0.5207
vn -0.7230 0.6629 -0.1945
vn -0.7088 0.4759 -0.5207
vn -0.2589 0.6506 -0.7139
vn -0.2686 0.9241 -0.2718
vn -0.2686 0.9241 0.2718
vn -0.2589 0.6506 0.7139
vn -0.2528 0.1786 0.9509
vn -0.6958 0.1720 -0.6973
vn -0.7337 0.1327 0.6664
vn 0.3524 0.6078 0.7116
vn 0.4440 0.7659 0.4650
vn -0.4860 -0.8383 0.2472
vn 0.1585 0.2733 -0.9488
vn 0.2952 0.5092 0.8084
vn 0.4771 0.8229 -0.3085
vn -0.3633 -0.6266 0.6895
vn -0.8055 -0.0844 0.5865
vn -0.6880 0.0338 0.7249
vn 0.3614 0.6234 0.6933
vn -0.1038 -0.1791 -0.9783
vn -0.7063 -0.0320 -0.7072
vn 0.1359 0.2344 -0.9626
vn -0.1359 -0.2344 0.9626
vn -0.4452 -0.1369 0.8849
vn 0.9520 0.1387 0.2730
vn -0.8655 -0.1953 0.4612
vn -0.4548 -0.1529 0.8774
vn 0.0791 0.8747 0.4782
vn -0.6896 -0.0348 0.7233
vn -0.9815 -0.1590 0.1066
vn 0.2021 -0.2982 0.9329
vn -0.3519 -0.8477 0.3970
vn 0.3602 0.8377 0.4105
vn -0.1823 0.1403 -0.9732
vn -0.0014 -0.2567 0.9665
vn -0.0148 0.9484 0.3168
vn -0.7227 0.6907 0.0240
vn 0.4125 -0.8925 -0.1824
vn -0.9151 -0.2215 0.3369
vn -0.2620 -0.7679 -0.5845
vn -0.5083 -0.3327 0.7943
vn 0.0011 0.4012 -0.9160
vn 0.1046 0.9324 0.3460
vn 0.4016 -0.9131 -0.0706
vn -0.3725 0.1290 0.9190
vn -0.2935 -0.0675 0.9536
vn -0.6480 -0.3001 0.7000
vn -1.0000 -0.0054 -0.0024
vn -0.9705 0.1532 0.1861
vn -0.9917 -0.0340 0.1236
vn -0.9999 0.0118 0.0099
vn -1.0000 -0.0035 -0.0069
vn -0.9999 0.0003 0.0105
vn -0.9999 0.0161 -0.0039
vn -1.0000 -0.0035 0.0069
vn -0.9999 0.0057 0.0119
vn -0.9816 -0.1442 0.1250
vn -1.0000 -0.0054 0.0024
vn -0.9999 0.0161 0.0039
vn -0.9693 -0.1897 0.1564
vn -0.9414 -0.3373 0.0085
vn -0.9483 -0.2938 0.1201
vn -0.9501 -0.2944 -0.1029
vn -0.9214 -0.3724 0.1111
vn -0.9226 -0.3700 0.1086
vn -0.7276 -0.6792 -0.0965
vn -0.6827 -0.7058 0.1892
vn -0.8631 0.0988 0.4953
vn -0.9219 -0.2880 -0.2593
vn -0.9723 -0.1841 0.1444
vn -0.9349 -0.2220 -0.2770
vn 0.0392 -0.0137 0.9991
vn -0.9885 -0.0257 0.1493
vn 0.0172 -0.8935 0.4488
vn -0.9697 0.0430 0.2407
vn -0.0303 -0.6464 -0.7624
vn -0.9986 -0.0259 -0.0463
vn -0.0289 -0.6868 -0.7263
vn -0.9949 -0.0911 0.0440
vn -0.9508 -0.2529 0.1788
vn -0.0389 -0.1412 -0.9892
vn -0.9364 -0.3326 0.1121
vn 0.5030 -0.5022 0.7035
vt 0.750000 0.333333
vt 0.750000 0.500000
vt 0.666667 0.500000
vt 0.666667 0.333333
vt 0.683565 0.333333
vt 0.500000 0.244357
vt 0.416667 0.255006
vt 0.306910 0.320120
vt 0.283986 0.207151
vt 0.312877 0.084843
vt 0.272331 0.077341
vt 0.276172 0.456522
vt 0.285732 0.365269
vt 0.416667 0.166667
vt 0.500000 0.166667
vt 0.000000 0.000000
vt 0.730833 0.090000
vt 0.687580 0.083014
vt 0.257355 0.500000
vt 0.416667 0.333333
vt 0.500000 0.333333
vt 0.333333 0.166667
vt 0.284682 0.333333
vt 0.305189 0.333333
vt 0.666667 0.235165
vt 0.583333 0.237248
vt 0.208333 0.416667
vt 0.208333 0.500000
vt 0.183267 0.500000
vt 0.187524 0.416667
vt 0.241417 0.166667
vt 0.241605 0.220827
vt 0.217772 0.223279
vt 0.205310 0.166667
vt 0.111111 0.333333
vt 0.111111 0.500000
vt 0.106986 0.500000
vt 0.106722 0.407086
vt 0.166667 0.166667
vt 0.166667 0.227452
vt 0.166667 0.257037
vt 0.083333 0.250700
vt 0.083333 0.166667
vt 0.395558 0.082233
vt 0.353789 0.084843
vt 0.083333 0.333333
vt 0.083333 0.500000
vt 0.000000 0.500000
vt 0.000000 0.333333
vt 0.083333 0.284910
vt 0.083333 0.292751
vt 0.000000 0.166667
vt 1.000000 0.333333
vt 1.000000 0.500000
vt 0.916667 0.500000
vt 0.916667 0.333333
vt 1.000000 0.166667
vt 0.916667 0.166667
vt 0.645754 0.083014
vt 0.604880 0.080478
vt 0.833333 0.333333
vt 0.833333 0.166667
vt 0.479294 0.083844
vt 0.437775 0.082233
vt 0.833333 0.500000
vt 0.750000 0.166667
vt 0.561786 0.080478
vt 0.520706 0.083844
vt 0.166667 0.292139
vt 0.164831 0.291980
vt 0.166667 0.333333
vt 0.166667 0.416667
vt 0.166667 0.500000
vt 0.165736 0.500000
vt 0.164465 0.470571
vt 0.163519 0.457964
vt 0.155091 0.333333
vt 0.159722 0.333333
vt 0.241997 0.333333
vt 0.241997 0.365802
vt 0.239336 0.359455
vt 0.235810 0.329923
vt 0.101193 0.500000
vt 0.230287 0.388093
vt 0.237055 0.399016
vt 0.208333 0.403915
vt 0.241997 0.416667
vt 0.241997 0.500000
vt 0.250000 0.416667
vt 0.250000 0.500000
vt 0.250000 0.333333
vt 0.250000 0.371664
vt 0.246273 0.377092
vt 0.247965 0.333333
vt 0.250000 0.166667
vt 0.250000 0.229181
vt 0.250000 0.242870
vt 0.226326 0.324694
vt 0.190074 0.228670
vt 0.221745 0.241328
vt 0.204174 0.256362
vt 0.229074 0.326209
vt 0.241997 0.398173
vt 0.140833 0.436253
vt 0.141816 0.468127
vt 0.142800 0.500000
vt 0.126955 0.500000
vt 0.132158 0.333333
vt 0.133437 0.333333
vt 0.137135 0.384793
vt 0.154310 0.333333
vt 0.162146 0.452336
vt 0.151446 0.451732
vt 0.147746 0.333333
vt 0.150171 0.453960
vt 0.150640 0.467839
vt 0.150945 0.500000
vt 0.149551 0.500000
vt 0.149457 0.470523
vt 0.148897 0.458096
vt 0.162956 0.464631
vt 0.151975 0.465122
vt 0.152131 0.500000
vt 0.165285 0.500000
vt 0.165405 0.293673
vt 0.132788 0.333333
vt 0.122274 0.333333
vt 0.114290 0.333333
vt 0.111111 0.416667
vt 0.231203 0.382978
vt 0.241674 0.240495
vt 0.248138 0.265250
vt 0.250000 0.389665
vt 0.241997 0.383317
vt 0.229676 0.364732
vt 0.182168 0.313959
vt 0.233492 0.370488
vt 0.241997 0.372655
vt 0.244928 0.370329
vt 0.245999 0.333333
vt 0.243928 0.266898
vt 0.241741 0.259821
vt 0.225832 0.259894
vt 0.214053 0.269063
vt 0.232262 0.327967
vt 0.244270 0.365300
vt 0.244917 0.333333
vt 0.243496 0.288411
vt 0.241786 0.272654
vt 0.228866 0.273680
vt 0.238092 0.365913
vt 0.268917 0.333333
vt 0.265614 0.391814
vt 0.263055 0.232369
vt 0.283782 0.219671
vt 0.264363 0.254893
vt 0.333333 0.299440
vt 0.333333 0.333333
vt 0.416667 0.262573
vt 0.500000 0.254535
vt 0.266300 0.288264
vt 0.271417 0.333333
vt 0.268208 0.321115
vt 0.266369 0.438755
vt 0.276172 0.456522
vt 0.273337 0.365819
vt 0.250000 0.315825
vt 0.250000 0.242870
vt 0.263055 0.232369
vt 0.583333 0.254883
vt 0.583333 0.333333
vt 0.666667 0.250000
vt 0.583333 0.500000
vt 0.500000 0.500000
vt 0.416667 0.500000
vt 0.333333 0.500000
vt 0.333333 0.289513
vt 0.697513 0.237452
vt 0.666667 0.166667
vt 0.583333 0.166667
vt 0.304613 0.166667
vt 0.721115 0.333333
vt 0.699970 0.166667
vt 0.191950 0.412853
vt 0.192089 0.408886
vt 0.187524 0.416667
vt 0.174561 0.416667
vt 0.169070 0.240866
vt 0.166667 0.264834
vt 0.092950 0.128201
vt 0.143648 0.074590
vt 0.189686 0.074590
vt 0.227669 0.077341
vt 0.851124 0.095505
vt 0.898580 0.094318
vt 0.005638 0.144115
vt 0.073717 0.128201
vt 0.769167 0.090000
vt 0.815543 0.095505
vt 0.934754 0.094318
vt 0.994362 0.144115
vt 0.708333 0.000000
vt 0.625000 0.000000
vt 0.541667 0.000000
vt 0.458333 0.000000
vt 0.375000 0.000000
vt 0.291667 0.000000
vt 0.863722 0.068126
vt 0.851124 0.095505
vt 0.190099 0.074620
vt 0.197648 0.042743
vt 0.227642 0.077339
vt 0.106512 0.073953
vt 0.135686 0.042743
vt 0.888521 0.054083
vt 0.020875 0.083168
vt 0.060155 0.073953
vt 0.005638 0.144115
vt 0.944813 0.054083
vt 0.979125 0.083168
vt 0.041667 0.000000
vt 0.125000 0.000000
vt 0.958333 0.000000
vt 0.875000 0.000000
vt 0.791667 0.000000
vt 0.805330 0.054653
vt 0.781585 0.091474
vt 0.208333 0.000000
s 0
usemtl Material
f 566/583/530 600/584/530 567/585/530 568/586/530 751/587/530
f 752/588/531 756/589/531 767/589/531 765/588/531
f 759/590/532 758/591/532 772/591/532 773/590/532
f 813/592/533 815/593/533 823/593/533 822/592/533
f 711/594/534 712/595/534 748/595/534 747/594/534
f 578/596/535 575/597/535 766/597/535 768/596/535
f 573/598/534 576/598/534 741/598/534 739/598/534
f 812/599/536 814/600/536 818/600/536 816/599/536
f 708/601/534 711/594/534 747/594/534 746/601/534
f 577/602/534 574/603/534 740/603/534 742/602/534
f 581/604/537 578/596/537 768/596/537 770/604/537
f 710/605/534 733/606/534 745/606/534 749/605/534
f 755/607/538 754/608/538 763/608/538 760/607/538
f 612/609/539 611/610/539 621/611/539 622/612/539
f 618/613/540 663/614/540 665/615/540 613/616/540
f 648/617/541 606/618/541 646/619/541 647/620/541
f 587/621/542 645/622/542 603/623/542 602/624/542 590/625/542
f 811/626/543 813/627/543 822/627/543 821/626/543
f 589/628/544 588/629/544 591/630/544 592/631/544
f 590/625/545 602/624/545 644/632/545 784/633/545 589/628/545 592/631/545 593/634/545
f 592/635/546 591/636/546 594/637/546 595/638/546
f 593/639/547 592/635/547 595/638/547 596/640/547
f 814/641/548 807/642/548 819/642/548 818/641/548
f 596/640/549 595/638/549 598/643/549 599/644/549
f 809/645/550 811/646/550 821/646/550 820/645/550
f 595/638/551 594/637/551 597/647/551 598/643/551
f 599/644/552 598/643/552 566/583/552 601/648/552
f 807/649/553 809/650/553 820/650/553 819/649/553
f 598/643/554 597/647/554 600/584/554 566/583/554
f 602/624/555 603/623/555 643/651/555 801/652/555 644/632/555
f 586/653/556 608/654/556 585/655/556 639/656/556 641/657/556 642/658/556 640/659/556 802/660/556
f 615/661/557 690/662/557 694/663/557 688/664/557
f 609/665/558 588/629/558 589/628/558 648/617/558 647/620/558
f 586/653/559 661/666/559 659/667/559 620/668/559 608/654/559
f 617/669/560 616/670/560 611/610/560 612/609/560
f 607/671/561 582/672/561 616/670/561 617/669/561
f 583/673/562 668/674/562 674/675/562 670/676/562
f 584/677/563 750/678/563 664/679/563 663/614/563 618/613/563
f 662/680/564 614/681/564 665/615/564 671/682/564 677/683/564 675/684/564
f 620/668/565 659/667/565 617/669/565 612/609/565
f 619/685/566 607/671/566 617/669/566
f 622/612/567 621/611/567 585/655/567 608/654/567
f 632/686/568 657/687/568 650/688/568 653/689/568 651/618/568 658/690/568 605/691/568 656/692/568
f 623/693/569 626/694/569 627/695/569 625/696/569
f 625/696/570 635/697/570 634/698/570 633/699/570 636/700/570 637/701/570 638/702/570
f 628/703/571 629/704/571 627/695/571 626/694/571
f 630/705/572 629/704/572 628/703/572 624/706/572
f 649/691/573 625/696/573 652/686/573
f 633/699/574 634/698/574 635/697/574 625/696/574 627/695/574 629/704/574 630/705/574
f 638/702/575 637/701/575 636/700/575 631/688/575 652/686/575 625/696/575
f 640/659/576 642/658/576 641/657/576 639/656/576 624/706/576 628/703/576 626/694/576 623/693/576
f 644/632/577 801/652/577 803/707/577 783/708/577 784/633/577
f 661/666/578 586/653/578 795/653/578 796/666/578
f 647/620/579 646/619/579 609/665/579
f 605/691/580 658/690/580 654/709/580 782/710/580 648/617/580 649/691/580
f 651/618/581 653/689/581 650/688/581 631/688/581 606/618/581
f 604/617/582 655/711/582 651/618/582 606/618/582 648/617/582
f 632/686/583 656/692/583 605/691/583 649/691/583 652/686/583
f 650/688/584 657/687/584 632/686/584 652/686/584 631/688/584
f 658/690/585 651/618/585 655/711/585 604/617/585 782/710/585 654/709/585
f 659/667/586 661/666/586 619/685/586
f 587/621/587 614/681/587 662/680/587 645/622/587
f 617/669/588 659/667/588 619/685/588
f 661/666/589 660/712/589 619/685/589
f 665/615/590 614/681/590 587/621/590 613/616/590
f 665/615/591 663/614/591 672/713/591 671/682/591
f 663/614/592 664/679/592 583/673/592 670/676/592 676/714/592 672/713/592
f 619/685/593 666/715/593 607/671/593
f 667/716/594 674/675/594 668/674/594 666/715/594 619/685/594
f 645/622/595 662/680/595 669/717/595 660/712/595 610/718/595
f 669/717/596 673/719/596 667/716/596 619/685/596 660/712/596
f 670/676/597 674/675/597 667/716/597 682/720/597 683/721/597 681/722/597
f 672/713/598 676/714/598 670/676/598 681/722/598 684/723/598 679/724/598
f 671/682/599 672/713/599 679/724/599 678/725/599
f 675/684/600 677/683/600 671/682/600 678/725/600 686/726/600 680/727/600
f 675/684/601 673/719/601 669/717/601 662/680/601
f 681/722/602 683/721/602 682/720/602 690/662/602 692/728/602 689/729/602
f 679/724/603 684/723/603 681/722/603 689/729/603 693/730/603 691/731/603
f 678/725/604 679/724/604 691/731/604 687/732/604
f 680/727/605 685/733/605 682/720/605 667/716/605 673/719/605 675/684/605
f 680/727/606 686/726/606 678/725/606 687/732/606 688/664/606
f 688/664/607 687/732/607 615/661/607
f 689/729/608 692/728/608 690/662/608 615/661/608
f 691/731/609 693/730/609 689/729/609 615/661/609
f 687/732/610 691/731/610 615/661/610
f 688/664/611 694/663/611 690/662/611 682/720/611 685/733/611 680/727/611
f 695/734/612 696/735/612 705/735/612 704/734/612
f 704/734/613 705/735/613 700/672/613 701/671/613 703/715/613 698/674/613 699/673/613
f 697/736/614 734/737/614 733/606/614 710/605/614 709/738/614
f 582/672/615 607/671/615 701/671/615 700/672/615
f 666/715/616 668/674/616 698/674/616 703/715/616
f 668/674/617 583/673/617 699/673/617 698/674/617
f 733/606/618 732/739/618 580/740/618
f 607/671/619 666/715/619 703/715/619 701/671/619
f 730/741/620 731/742/620 574/603/620 577/602/620
f 696/735/621 582/672/621 700/672/621 705/735/621
f 707/743/622 709/738/622 695/734/622 704/734/622
f 696/735/623 695/734/623 715/734/623 714/735/623
f 582/672/624 696/735/624 714/735/624 713/672/624
f 721/744/625 719/745/625 718/738/625 720/605/625
f 716/672/626 722/746/626 723/747/626 717/601/626
f 722/746/627 724/748/627 725/595/627 723/747/627
f 724/748/628 721/744/628 720/605/628 725/595/628
f 708/598/629 582/598/629 713/598/629 716/598/629 717/598/629
f 721/744/630 724/748/630 722/746/630 716/672/630 713/672/630 714/735/630 715/734/630
f 711/594/631 708/601/631 717/601/631 723/747/631
f 695/734/632 709/738/632 718/738/632 719/745/632 715/734/632
f 719/745/633 721/744/633 715/734/633
f 709/738/634 710/605/634 720/605/634 718/738/634
f 710/605/635 712/595/635 725/595/635 720/605/635
f 712/595/636 711/594/636 723/747/636 725/595/636
f 728/743/637 727/749/637 726/750/637 729/751/637
f 664/679/534 697/736/534 729/751/534 726/750/534
f 583/673/638 664/679/638 726/750/638 727/749/638 699/673/638
f 727/749/639 728/743/639 707/743/639 704/734/639 699/673/639
f 697/736/622 709/738/622 707/743/622 728/743/622 729/751/622
f 732/739/640 730/741/640 577/602/640 580/740/640
f 731/742/641 706/752/641 571/753/641 574/603/641
f 706/752/642 702/754/642 568/586/642 571/753/642
f 736/586/643 735/585/643 737/755/643 738/753/643
f 738/753/644 737/755/644 739/756/644 740/603/644
f 740/603/645 739/756/645 741/757/645 742/602/645
f 742/602/646 741/757/646 743/758/646 744/740/646
f 744/740/647 743/758/647 746/601/647 747/594/647 748/595/647 749/605/647 745/606/647
f 712/595/534 710/605/534 749/605/534 748/595/534
f 574/603/534 571/753/534 738/753/534 740/603/534
f 733/606/534 580/740/534 744/740/534 745/606/534
f 579/598/534 708/598/534 746/598/534 743/598/534
f 570/598/534 573/598/534 739/598/534 737/598/534
f 576/598/534 579/598/534 743/598/534 741/598/534
f 571/753/534 568/586/534 736/586/534 738/753/534
f 567/598/534 570/598/534 737/598/534 735/598/534
f 580/740/534 577/602/534 742/602/534 744/740/534
f 568/586/534 567/585/534 735/585/534 736/586/534
f 756/589/620 752/588/620 731/742/620 730/741/620
f 753/759/640 756/589/640 730/741/640 732/739/640
f 755/607/648 757/760/648 751/587/648 568/586/648 702/754/648
f 752/588/641 754/608/641 706/752/641 731/742/641
f 754/608/642 755/607/642 702/754/642 706/752/642
f 750/678/649 758/591/649 759/590/649 753/759/649 732/739/649 733/606/649 734/737/649 697/736/649 664/679/649
f 761/761/642 760/607/642 763/608/642 764/762/642
f 764/762/641 763/608/641 765/588/641 766/597/641
f 766/597/620 765/588/620 767/589/620 768/596/620
f 768/596/640 767/589/640 769/759/640 770/604/640
f 753/759/650 759/590/650 773/590/650 769/759/650
f 756/589/651 753/759/651 769/759/651 767/589/651
f 575/597/652 572/762/652 764/762/652 766/597/652
f 757/760/653 755/607/653 760/607/653 771/760/653
f 751/587/654 757/760/654 771/760/654 762/587/654
f 754/608/655 752/588/655 765/588/655 763/608/655
f 572/762/656 569/761/656 761/761/656 764/762/656
f 774/678/657 777/677/657 776/763/657 775/591/657
f 750/678/534 584/677/534 777/677/534 774/678/534
f 770/604/658 769/759/658 773/590/658 772/591/658 775/591/658 776/763/658
f 758/591/659 750/678/659 774/678/659 775/591/659 772/591/659
f 584/677/660 581/604/660 770/604/660 776/763/660 777/677/660
f 778/764/661 781/765/661 780/648/661 779/583/661
f 566/583/662 751/587/662 762/587/662 778/764/662 779/583/662
f 781/765/648 778/764/648 762/587/648 771/760/648 760/607/648 761/761/648
f 601/648/534 566/583/534 779/583/534 780/648/534
f 569/761/663 601/648/663 780/648/663 781/765/663 761/761/663
f 648/617/664 783/708/664 625/696/664 649/691/664
f 648/617/665 782/710/665 604/617/665
f 784/633/666 783/708/666 648/617/666 589/628/666
f 783/708/667 803/707/667 802/660/667 640/659/667 623/693/667 625/696/667
f 789/766/668 791/767/668 790/668/668 788/609/668
f 788/609/669 787/768/669 786/769/669 789/766/669
f 785/654/670 791/767/670 789/766/670 786/769/670
f 612/609/671 622/612/671 787/768/671 788/609/671
f 622/612/672 608/654/672 785/654/672 786/769/672 787/768/672
f 620/668/673 612/609/673 788/609/673 790/668/673
f 608/654/674 620/668/674 790/668/674 791/767/674 785/654/674
f 792/651/675 794/718/675 793/712/675 796/666/675 795/653/675
f 660/712/676 661/666/676 796/666/676 793/712/676
f 610/718/677 660/712/677 793/712/677 794/718/677
f 586/653/678 643/651/678 792/651/678
f 797/623/679 800/622/679 799/770/679 798/771/679
f 643/651/680 603/623/680 797/623/680 798/771/680 792/651/680
f 799/770/681 794/718/681 792/651/681 798/771/681
f 603/623/682 645/622/682 800/622/682 797/623/682
f 645/622/683 610/718/683 794/718/683 799/770/683 800/622/683
f 792/651/684 795/653/684 586/653/684
f 802/660/685 803/707/685 586/653/685
f 586/653/686 803/707/686 643/651/686
f 803/707/687 801/652/687 643/651/687
f 811/646/688 809/645/688 575/597/688 578/596/688
f 805/772/689 804/773/689 587/621/689 590/625/689
f 804/774/690 815/775/690 584/677/690 618/613/690 613/616/690 587/621/690
f 810/776/691 808/777/691 596/640/691 599/644/691
f 813/627/692 811/626/692 578/596/692 581/604/692
f 814/600/693 812/599/693 601/648/693 569/761/693
f 806/778/694 805/779/694 590/625/694 593/634/694
f 807/642/695 814/641/695 569/761/695 572/762/695
f 812/780/696 810/781/696 599/644/696 601/648/696
f 815/593/697 813/592/697 581/604/697 584/677/697
f 809/650/698 807/649/698 572/762/698 575/597/698
f 808/782/699 806/783/699 593/639/699 596/640/699
f 817/784/700 816/599/700 818/600/700
f 817/785/701 818/641/701 819/642/701
f 817/786/702 819/649/702 820/650/702
f 817/787/703 820/645/703 821/646/703
f 817/788/704 821/626/704 822/627/704
f 817/789/705 822/592/705 823/593/705
f 830/790/706 831/791/706 832/776/706
f 833/792/707 834/793/707 835/794/707
f 825/795/708 834/796/708 833/773/708 824/772/708
f 830/790/709 828/797/709 829/777/709 831/791/709
f 827/798/710 825/799/710 824/779/710 826/800/710
f 828/801/711 827/802/711 826/783/711 829/782/711
f 804/773/712 805/772/712 824/772/712 833/773/712
f 817/803/713 825/799/713 827/798/713
f 805/779/714 806/778/714 826/800/714 824/779/714
f 817/804/715 834/796/715 825/795/715
f 806/783/716 808/782/716 829/782/716 826/783/716
f 817/805/717 827/802/717 828/801/717
f 808/777/718 810/776/718 831/791/718 829/777/718
f 817/806/719 828/797/719 830/790/719
f 817/807/720 830/808/720 832/809/720 816/780/720
f 810/781/721 812/780/721 816/780/721 832/809/721 831/781/721
f 817/810/722 823/775/722 835/794/722 834/793/722
f 815/775/723 804/774/723 833/792/723 835/794/723 823/775/723
f 836/583/724 1002/587/724 838/586/724 837/585/724 865/584/724
f 1003/588/725 1016/588/725 1018/589/725 1007/589/725
f 1010/590/726 1024/590/726 1023/591/726 1009/591/726
f 1064/592/727 1073/592/727 1074/593/727 1066/593/727
f 962/594/534 998/594/534 999/595/534 963/595/534
f 848/596/728 1019/596/728 1017/597/728 845/597/728
f 843/598/534 990/598/534 992/598/534 846/598/534
f 1063/599/729 1067/599/729 1069/600/729 1065/600/729
f 959/601/534 997/601/534 998/594/534 962/594/534
f 847/602/534 993/602/534 991/603/534 844/603/534
f 851/604/730 1021/604/730 1019/596/730 848/596/730
f 961/605/534 1000/605/534 996/606/534 984/606/534
f 1006/607/731 1011/607/731 1014/608/731 1005/608/731
f 874/609/732 883/612/732 621/611/732 611/610/732
f 880/613/733 875/616/733 916/615/733 914/614/733
f 902/617/734 901/620/734 646/619/734 606/618/734
f 856/621/735 858/625/735 867/624/735 868/623/735 900/622/735
f 1062/626/736 1072/626/736 1073/627/736 1064/627/736
f 857/628/737 859/631/737 591/630/737 588/629/737
f 858/625/738 860/634/738 859/631/738 857/628/738 1035/633/738 899/632/738 867/624/738
f 859/635/739 861/638/739 594/637/739 591/636/739
f 860/639/740 862/640/740 861/638/740 859/635/740
f 1065/641/741 1069/641/741 1070/642/741 1058/642/741
f 862/640/742 864/644/742 863/643/742 861/638/742
f 1060/645/743 1071/645/743 1072/646/743 1062/646/743
f 861/638/744 863/643/744 597/647/744 594/637/744
f 864/644/745 866/648/745 836/583/745 863/643/745
f 1058/649/746 1070/649/746 1071/650/746 1060/650/746
f 863/643/747 836/583/747 865/584/747 597/647/747
f 867/624/748 899/632/748 1052/652/748 898/651/748 868/623/748
f 855/653/749 1053/660/749 895/659/749 897/658/749 896/657/749 639/656/749 585/655/749 872/654/749
f 877/661/750 939/664/750 945/663/750 941/662/750
f 609/665/751 901/620/751 902/617/751 857/628/751 588/629/751
f 855/653/752 872/654/752 882/668/752 910/667/752 912/666/752
f 879/669/753 874/609/753 611/610/753 878/670/753
f 871/671/754 879/669/754 878/670/754 852/672/754
f 853/673/755 921/676/755 925/675/755 919/674/755
f 854/677/756 880/613/756 914/614/756 915/679/756 1001/678/756
f 913/680/757 926/684/757 928/683/757 922/682/757 916/615/757 876/681/757
f 882/668/758 874/609/758 879/669/758 910/667/758
f 881/685/759 879/669/759 871/671/759
f 883/612/760 872/654/760 585/655/760 621/611/760
f 890/686/761 907/692/761 870/691/761 909/690/761 651/618/761 653/689/761 650/688/761 908/687/761
f 884/693/762 885/696/762 887/695/762 886/694/762
f 885/696/763 894/702/763 893/701/763 636/700/763 633/699/763 891/698/763 892/697/763
f 888/703/764 886/694/764 887/695/764 889/704/764
f 630/705/765 624/706/765 888/703/765 889/704/765
f 903/691/766 904/686/766 885/696/766
f 633/699/767 630/705/767 889/704/767 887/695/767 885/696/767 892/697/767 891/698/767
f 894/702/768 885/696/768 904/686/768 631/688/768 636/700/768 893/701/768
f 895/659/769 884/693/769 886/694/769 888/703/769 624/706/769 639/656/769 896/657/769 897/658/769
f 899/632/770 1035/633/770 1034/708/770 1054/707/770 1052/652/770
f 912/666/771 1047/666/771 1046/653/771 855/653/771
f 901/620/772 609/665/772 646/619/772
f 870/691/773 903/691/773 902/617/773 1033/710/773 905/709/773 909/690/773
f 869/617/774 902/617/774 606/618/774 651/618/774 906/711/774
f 890/686/775 904/686/775 903/691/775 870/691/775 907/692/775
f 650/688/776 631/688/776 904/686/776 890/686/776 908/687/776
f 909/690/777 905/709/777 1033/710/777 869/617/777 906/711/777 651/618/777
f 910/667/778 881/685/778 912/666/778
f 856/621/779 900/622/779 913/680/779 876/681/779
f 879/669/780 881/685/780 910/667/780
f 912/666/781 881/685/781 911/712/781
f 916/615/782 875/616/782 856/621/782 876/681/782
f 916/615/783 922/682/783 923/713/783 914/614/783
f 914/614/784 923/713/784 927/714/784 921/676/784 853/673/784 915/679/784
f 881/685/785 871/671/785 917/715/785
f 918/716/786 881/685/786 917/715/786 919/674/786 925/675/786
f 900/622/787 873/718/787 911/712/787 920/717/787 913/680/787
f 920/717/788 911/712/788 881/685/788 918/716/788 924/719/788
f 921/676/789 932/722/789 934/721/789 933/720/789 918/716/789 925/675/789
f 923/713/790 930/724/790 935/723/790 932/722/790 921/676/790 927/714/790
f 922/682/791 929/725/791 930/724/791 923/713/791
f 926/684/792 931/727/792 937/726/792 929/725/792 922/682/792 928/683/792
f 926/684/793 913/680/793 920/717/793 924/719/793
f 932/722/794 940/729/794 943/728/794 941/662/794 933/720/794 934/721/794
f 930/724/795 942/731/795 944/730/795 940/729/795 932/722/795 935/723/795
f 929/725/796 938/732/796 942/731/796 930/724/796
f 931/727/797 926/684/797 924/719/797 918/716/797 933/720/797 936/733/797
f 931/727/798 939/664/798 938/732/798 929/725/798 937/726/798
f 939/664/799 877/661/799 938/732/799
f 940/729/800 877/661/800 941/662/800 943/728/800
f 942/731/801 877/661/801 940/729/801 944/730/801
f 938/732/802 877/661/802 942/731/802
f 939/664/803 931/727/803 936/733/803 933/720/803 941/662/803 945/663/803
f 946/734/804 955/734/804 956/735/804 947/735/804
f 955/734/805 950/673/805 949/674/805 954/715/805 952/671/805 951/672/805 956/735/805
f 948/736/806 960/738/806 961/605/806 984/606/806 985/737/806
f 852/672/807 951/672/807 952/671/807 871/671/807
f 917/715/808 954/715/808 949/674/808 919/674/808
f 919/674/809 949/674/809 950/673/809 853/673/809
f 984/606/810 850/740/810 983/739/810
f 871/671/811 952/671/811 954/715/811 917/715/811
f 981/741/812 847/602/812 844/603/812 982/742/812
f 947/735/813 956/735/813 951/672/813 852/672/813
f 958/743/814 955/734/814 946/734/814 960/738/814
f 947/735/815 965/735/815 966/734/815 946/734/815
f 852/672/816 964/672/816 965/735/816 947/735/816
f 972/744/817 971/605/817 969/738/817 970/745/817
f 967/672/818 968/601/818 974/747/818 973/746/818
f 973/746/819 974/747/819 976/595/819 975/748/819
f 975/748/820 976/595/820 971/605/820 972/744/820
f 959/598/821 968/598/821 967/598/821 964/598/821 852/598/821
f 972/744/822 966/734/822 965/735/822 964/672/822 967/672/822 973/746/822 975/748/822
f 962/594/823 974/747/823 968/601/823 959/601/823
f 946/734/824 966/734/824 970/745/824 969/738/824 960/738/824
f 970/745/825 966/734/825 972/744/825
f 960/738/826 969/738/826 971/605/826 961/605/826
f 961/605/827 971/605/827 976/595/827 963/595/827
f 963/595/828 976/595/828 974/747/828 962/594/828
f 979/743/829 980/751/829 977/750/829 978/749/829
f 915/679/534 977/750/534 980/751/534 948/736/534
f 853/673/830 950/673/830 978/749/830 977/750/830 915/679/830
f 978/749/831 950/673/831 955/734/831 958/743/831 979/743/831
f 948/736/814 980/751/814 979/743/814 958/743/814 960/738/814
f 983/739/832 850/740/832 847/602/832 981/741/832
f 982/742/833 844/603/833 841/753/833 957/752/833
f 957/752/834 841/753/834 838/586/834 953/754/834
f 987/586/835 989/753/835 988/755/835 986/585/835
f 989/753/836 991/603/836 990/756/836 988/755/836
f 991/603/837 993/602/837 992/757/837 990/756/837
f 993/602/838 995/740/838 994/758/838 992/757/838
f 995/740/839 996/606/839 1000/605/839 999/595/839 998/594/839 997/601/839 994/758/839
f 963/595/534 999/595/534 1000/605/534 961/605/534
f 844/603/534 991/603/534 989/753/534 841/753/534
f 984/606/534 996/606/534 995/740/534 850/740/534
f 849/598/534 994/598/534 997/598/534 959/598/534
f 840/598/534 988/598/534 990/598/534 843/598/534
f 846/598/534 992/598/534 994/598/534 849/598/534
f 841/753/534 989/753/534 987/586/534 838/586/534
f 837/598/534 986/598/534 988/598/534 840/598/534
f 850/740/534 995/740/534 993/602/534 847/602/534
f 838/586/534 987/586/534 986/585/534 837/585/534
f 1007/589/812 981/741/812 982/742/812 1003/588/812
f 1004/759/832 983/739/832 981/741/832 1007/589/832
f 1006/607/840 953/754/840 838/586/840 1002/587/840 1008/760/840
f 1003/588/833 982/742/833 957/752/833 1005/608/833
f 1005/608/834 957/752/834 953/754/834 1006/607/834
f 1001/678/841 915/679/841 948/736/841 985/737/841 984/606/841 983/739/841 1004/759/841 1010/590/841 1009/591/841
f 1012/761/834 1015/762/834 1014/608/834 1011/607/834
f 1015/762/833 1017/597/833 1016/588/833 1014/608/833
f 1017/597/812 1019/596/812 1018/589/812 1016/588/812
f 1019/596/832 1021/604/832 1020/759/832 1018/589/832
f 1004/759/842 1020/759/842 1024/590/842 1010/590/842
f 1007/589/843 1018/589/843 1020/759/843 1004/759/843
f 845/597/844 1017/597/844 1015/762/844 842/762/844
f 1008/760/845 1022/760/845 1011/607/845 1006/607/845
f 1002/587/846 1013/587/846 1022/760/846 1008/760/846
f 1005/608/847 1014/608/847 1016/588/847 1003/588/847
f 842/762/848 1015/762/848 1012/761/848 839/761/848
f 1025/678/849 1026/591/849 1027/763/849 1028/677/849
f 1001/678/534 1025/678/534 1028/677/534 854/677/534
f 1021/604/850 1027/763/850 1026/591/850 1023/591/850 1024/590/850 1020/759/850
f 1009/591/851 1023/591/851 1026/591/851 1025/678/851 1001/678/851
f 854/677/852 1028/677/852 1027/763/852 1021/604/852 851/604/852
f 1029/764/853 1030/583/853 1031/648/853 1032/765/853
f 836/583/854 1030/583/854 1029/764/854 1013/587/854 1002/587/854
f 1032/765/840 1012/761/840 1011/607/840 1022/760/840 1013/587/840 1029/764/840
f 866/648/534 1031/648/534 1030/583/534 836/583/534
f 839/761/855 1012/761/855 1032/765/855 1031/648/855 866/648/855
f 902/617/856 903/691/856 885/696/856 1034/708/856
f 902/617/857 869/617/857 1033/710/857
f 1035/633/858 857/628/858 902/617/858 1034/708/858
f 1034/708/859 885/696/859 884/693/859 895/659/859 1053/660/859 1054/707/859
f 1040/766/860 1039/609/860 1041/668/860 1042/767/860
f 1039/609/861 1040/766/861 1037/769/861 1038/768/861
f 1036/654/862 1037/769/862 1040/766/862 1042/767/862
f 874/609/863 1039/609/863 1038/768/863 883/612/863
f 883/612/864 1038/768/864 1037/769/864 1036/654/864 872/654/864
f 882/668/865 1041/668/865 1039/609/865 874/609/865
f 872/654/866 1036/654/866 1042/767/866 1041/668/866 882/668/866
f 1043/651/867 1046/653/867 1047/666/867 1044/712/867 1045/718/867
f 911/712/868 1044/712/868 1047/666/868 912/666/868
f 873/718/869 1045/718/869 1044/712/869 911/712/869
f 855/653/870 1043/651/870 898/651/870
f 1048/623/871 1049/771/871 1050/770/871 1051/622/871
f 898/651/872 1043/651/872 1049/771/872 1048/623/872 868/623/872
f 1050/770/873 1049/771/873 1043/651/873 1045/718/873
f 868/623/874 1048/623/874 1051/622/874 900/622/874
f 900/622/875 1051/622/875 1050/770/875 1045/718/875 873/718/875
f 1043/651/876 855/653/876 1046/653/876
f 1053/660/877 855/653/877 1054/707/877
f 855/653/878 898/651/878 1054/707/878
f 1054/707/879 898/651/879 1052/652/879
f 1062/646/880 848/596/880 845/597/880 1060/645/880
f 1056/772/881 858/625/881 856/621/881 1055/773/881
f 1055/774/882 856/621/882 875/616/882 880/613/882 854/677/882 1066/775/882
f 1061/776/883 864/644/883 862/640/883 1059/777/883
f 1064/627/884 851/604/884 848/596/884 1062/626/884
f 1065/600/885 839/761/885 866/648/885 1063/599/885
f 1057/778/886 860/634/886 858/625/886 1056/779/886
f 1058/642/887 842/762/887 839/761/887 1065/641/887
f 1063/780/888 866/648/888 864/644/888 1061/781/888
f 1066/593/889 854/677/889 851/604/889 1064/592/889
f 1060/650/890 845/597/890 842/762/890 1058/649/890
f 1059/782/891 862/640/891 860/639/891 1057/783/891
f 1068/784/892 1069/600/892 1067/599/892
f 1068/785/893 1070/642/893 1069/641/893
f 1068/786/894 1071/650/894 1070/649/894
f 1068/787/895 1072/646/895 1071/645/895
f 1068/788/896 1073/627/896 1072/626/896
f 1068/789/897 1074/593/897 1073/592/897
f 1081/790/898 1083/776/898 1082/791/898
f 1084/792/899 1086/794/899 1085/793/899
f 1076/795/900 1075/772/900 1084/773/900 1085/796/900
f 1081/790/901 1082/791/901 1080/777/901 1079/797/901
f 1078/798/902 1077/800/902 1075/779/902 1076/799/902
f 1079/801/903 1080/782/903 1077/783/903 1078/802/903
f 1055/773/904 1084/773/904 1075/772/904 1056/772/904
f 1068/803/905 1078/798/905 1076/799/905
f 1056/779/906 1075/779/906 1077/800/906 1057/778/906
f 1068/804/907 1076/795/907 1085/796/907
f 1057/783/908 1077/783/908 1080/782/908 1059/782/908
f 1068/805/909 1079/801/909 1078/802/909
f 1059/777/910 1080/777/910 1082/791/910 1061/776/910
f 1068/806/911 1081/790/911 1079/797/911
f 1068/807/912 1067/780/912 1083/809/912 1081/808/912
f 1061/781/913 1082/781/913 1083/809/913 1067/780/913 1063/780/913
f 1068/810/914 1085/793/914 1086/794/914 1074/775/914
f 1066/775/915 1074/775/915 1086/794/915 1084/792/915 1055/774/915
o Sphere.003
v 3.824239 8.587601 0.957404
v 3.821017 8.602277 0.996371
v 3.816338 8.628489 1.016630
v 3.810423 8.663465 1.028592
v 3.807280 8.682607 1.030833
v 3.804173 8.701880 1.030434
v 3.798538 8.737886 1.021878
v 3.792199 8.784510 0.966850
v 3.819936 8.588216 0.970558
v 3.815183 8.592590 0.983388
v 3.810163 8.600557 0.995401
v 3.805068 8.611810 1.006135
v 3.800094 8.625916 1.015178
v 3.795432 8.642332 1.022182
v 3.791262 8.660430 1.026879
v 3.787743 8.679511 1.029087
v 3.785012 8.698845 1.028722
v 3.783171 8.717687 1.025797
v 3.782294 8.735312 1.020426
v 3.782413 8.751046 1.012815
v 3.783524 8.764281 1.003255
v 3.785583 8.774511 0.992115
v 3.788512 8.781342 0.979823
v 3.816278 8.587661 0.969716
v 3.808008 8.591502 0.981735
v 3.799747 8.598978 0.993001
v 3.791810 8.609799 1.003081
v 3.784504 8.623551 1.011587
v 3.778110 8.639706 1.018192
v 3.772873 8.657640 1.022642
v 3.768994 8.676668 1.024768
v 3.766622 8.696055 1.024485
v 3.765849 8.715059 1.021807
v 3.766704 8.732948 1.016835
v 3.769155 8.749035 1.009760
v 3.773107 8.762702 1.000855
v 3.778408 8.773423 0.990462
v 3.784855 8.780787 0.978980
v 3.812915 8.587176 0.968403
v 3.801410 8.590552 0.979161
v 3.790167 8.597598 0.989264
v 3.779618 8.608044 0.998325
v 3.770168 8.621487 1.005994
v 3.762181 8.637411 1.011977
v 3.755962 8.655206 1.016045
v 3.751752 8.674185 1.018041
v 3.749712 8.693621 1.017888
v 3.749920 8.712766 1.015592
v 3.752368 8.730884 1.011242
v 3.756963 8.747279 1.005004
v 3.763528 8.761322 0.997118
v 3.771810 8.772472 0.987888
v 3.781491 8.780302 0.977668
v 3.809974 8.586782 0.966672
v 3.795642 8.589777 0.975765
v 3.781794 8.596473 0.984333
v 3.768961 8.606610 0.992049
v 3.757636 8.619802 0.998614
v 3.748256 8.635539 1.003778
v 3.741179 8.653218 1.007340
v 3.736680 8.672158 1.009166
v 3.734929 8.691633 1.009183
v 3.735995 8.710893 1.007392
v 3.739836 8.729198 1.003862
v 3.746305 8.745847 0.998728
v 3.755154 8.760197 0.992187
v 3.766042 8.771697 0.984491
v 3.778551 8.779906 0.975936
v 3.807570 8.586490 0.964588
v 3.790926 8.589206 0.971676
v 3.774947 8.595643 0.978398
v 3.760247 8.605556 0.984495
v 3.747390 8.618561 0.989732
v 3.736871 8.634160 0.993908
v 3.729094 8.651754 0.996863
v 3.724357 8.670666 0.998482
v 3.722843 8.690169 0.998705
v 3.724610 8.709515 0.997522
v 3.729590 8.727958 0.994979
v 3.737592 8.744791 0.991174
v 3.748308 8.759367 0.986252
v 3.761326 8.771126 0.980403
v 3.776146 8.779615 0.973852
v 3.805795 8.586314 0.962231
v 3.787444 8.588861 0.967054
v 3.769892 8.595142 0.971687
v 3.753812 8.604918 0.975953
v 3.739824 8.617811 0.979687
v 3.728463 8.633327 0.982747
v 3.720168 8.650870 0.985015
v 3.715257 8.669765 0.986402
v 3.713918 8.689285 0.986857
v 3.716203 8.708681 0.986362
v 3.722024 8.727208 0.984935
v 3.731157 8.744154 0.982632
v 3.743252 8.758866 0.979541
v 3.757844 8.770782 0.975780
v 3.774371 8.779440 0.971495
v 3.804716 8.586261 0.959692
v 3.785329 8.588756 0.962074
v 3.766821 8.594990 0.964457
v 3.749904 8.604723 0.966751
v 3.735228 8.617582 0.968867
v 3.723357 8.633074 0.970725
v 3.714747 8.650600 0.972252
v 3.709729 8.669490 0.973389
v 3.708496 8.689015 0.974094
v 3.711096 8.708427 0.974339
v 3.717428 8.726979 0.974115
v 3.727249 8.743959 0.973430
v 3.740181 8.758714 0.972311
v 3.755728 8.770676 0.970801
v 3.773293 8.779387 0.968957
v 3.804376 8.586330 0.957069
v 3.784662 8.588894 0.956928
v 3.765853 8.595190 0.956987
v 3.748672 8.604979 0.957244
v 3.733779 8.617884 0.957688
v 3.721747 8.633408 0.958302
v 3.713038 8.650954 0.959064
v 3.707987 8.669851 0.959944
v 3.706787 8.689370 0.960907
v 3.709486 8.708761 0.961917
v 3.715979 8.727281 0.962936
v 3.726016 8.744215 0.963923
v 3.739213 8.758915 0.964841
v 3.755061 8.770814 0.965655
v 3.772953 8.779456 0.966334
v 3.804788 8.586523 0.954462
v 3.785469 8.589271 0.951815
v 3.767025 8.595737 0.949564
v 3.750163 8.605675 0.947795
v 3.735533 8.618702 0.946578
v 3.723695 8.634316 0.945958
v 3.715106 8.651920 0.945959
v 3.710096 8.670835 0.946582
v 3.708856 8.690335 0.947802
v 3.711434 8.709670 0.949573
v 3.717732 8.728099 0.951826
v 3.727508 8.744911 0.954475
v 3.740385 8.759461 0.957418
v 3.755869 8.771191 0.960542
v 3.773364 8.779649 0.963727
v 3.805935 8.586829 0.951972
v 3.787719 8.589870 0.946930
v 3.770291 8.596609 0.942472
v 3.754321 8.606785 0.938770
v 3.740422 8.620007 0.935965
v 3.729128 8.635766 0.934165
v 3.720873 8.653459 0.933440
v 3.715976 8.672404 0.933817
v 3.714623 8.691874 0.935283
v 3.716867 8.711121 0.937780
v 3.722621 8.729403 0.941212
v 3.731666 8.746020 0.945449
v 3.743652 8.760333 0.950326
v 3.758119 8.771791 0.955657
v 3.774511 8.779955 0.961237
v 3.807774 8.587237 0.949694
v 3.791326 8.590672 0.942462
v 3.775527 8.597772 0.935985
v 3.760985 8.608265 0.930513
v 3.748258 8.621747 0.926256
v 3.737835 8.637700 0.923377
v 3.730117 8.655512 0.921988
v 3.725401 8.674498 0.922141
v 3.723867 8.693928 0.923831
v 3.725574 8.713055 0.926992
v 3.730458 8.731144 0.931504
v 3.738330 8.747500 0.937192
v 3.748888 8.761497 0.943839
v 3.761726 8.772593 0.951189
v 3.776350 8.780363 0.958959
v 3.810233 8.587732 0.947716
v 3.796151 8.591643 0.938581
v 3.782532 8.599182 0.930352
v 3.769900 8.610060 0.923343
v 3.758741 8.623857 0.917825
v 3.749483 8.640045 0.914009
v 3.742482 8.658001 0.912043
v 3.738008 8.677035 0.912001
v 3.736232 8.696417 0.913886
v 3.737222 8.715399 0.917624
v 3.740941 8.733254 0.923073
v 3.747245 8.749295 0.930022
v 3.755892 8.762906 0.938206
v 3.766550 8.773563 0.947308
v 3.778810 8.780858 0.956980
v 3.813219 8.588295 0.946114
v 3.802008 8.592747 0.935438
v 3.791035 8.600784 0.925789
v 3.780723 8.612099 0.917535
v 3.771467 8.626255 0.910996
v 3.763624 8.642710 0.906421
v 3.757494 8.660830 0.903987
v 3.753314 8.679920 0.903787
v 3.751244 8.699245 0.905830
v 3.751363 8.718064 0.910036
v 3.753667 8.735652 0.916243
v 3.758068 8.751335 0.924214
v 3.764395 8.764508 0.933642
v 3.772408 8.774668 0.944165
v 3.781796 8.781421 0.955378
v 3.816617 8.588904 0.944949
v 3.808673 8.593941 0.933153
v 3.800711 8.602518 0.922471
v 3.793037 8.614305 0.913313
v 3.785948 8.628850 0.906030
v 3.779714 8.645593 0.900904
v 3.774575 8.663891 0.898130
v 3.770730 8.683040 0.897816
v 3.768325 8.702306 0.899973
v 3.767453 8.720946 0.904519
v 3.768148 8.738247 0.911278
v 3.770382 8.753541 0.919992
v 3.774071 8.766242 0.930325
v 3.779072 8.775862 0.941880
v 3.785193 8.782030 0.954213
v 3.820296 8.589536 0.944266
v 3.815889 8.595180 0.931814
v 3.811187 8.604316 0.920526
v 3.806371 8.616593 0.910838
v 3.801626 8.631540 0.903120
v 3.797135 8.648582 0.897670
v 3.793069 8.667065 0.894697
v 3.789586 8.686276 0.894316
v 3.786819 8.705480 0.896540
v 3.784874 8.723936 0.901285
v 3.783826 8.740937 0.908368
v 3.783716 8.755829 0.917517
v 3.784547 8.768040 0.928380
v 3.786288 8.777100 0.940540
v 3.788872 8.782661 0.953530
v 3.824114 8.590165 0.944091
v 3.823379 8.596415 0.931471
v 3.822061 8.606109 0.920030
v 3.820211 8.618876 0.910206
v 3.817900 8.634224 0.902377
v 3.815217 8.651565 0.896844
v 3.812266 8.670230 0.893820
v 3.809158 8.689504 0.893422
v 3.806015 8.708645 0.895663
v 3.802956 8.726918 0.900459
v 3.800100 8.743621 0.907625
v 3.797556 8.758112 0.916885
v 3.795421 8.769833 0.927884
v 3.793778 8.778335 0.940198
v 3.792691 8.783291 0.953356
v 3.827925 8.590769 0.944432
v 3.830855 8.597599 0.932140
v 3.832915 8.607828 0.921000
v 3.834025 8.621064 0.911440
v 3.834144 8.636797 0.903829
v 3.833266 8.654424 0.898458
v 3.831427 8.673265 0.895533
v 3.828695 8.692598 0.895168
v 3.825176 8.711680 0.897376
v 3.821006 8.729777 0.902072
v 3.816344 8.746194 0.909077
v 3.811370 8.760300 0.918119
v 3.806275 8.771552 0.928854
v 3.801255 8.779519 0.940866
v 3.796502 8.783895 0.953696
v 3.831583 8.591324 0.945275
v 3.838030 8.598687 0.933793
v 3.843331 8.609408 0.923399
v 3.847283 8.623075 0.914495
v 3.849734 8.639162 0.907420
v 3.850589 8.657051 0.902448
v 3.849816 8.676054 0.899770
v 3.847444 8.695442 0.899487
v 3.843565 8.714469 0.901612
v 3.838328 8.732405 0.906063
v 3.831933 8.748559 0.912668
v 3.824628 8.762311 0.921174
v 3.816692 8.773132 0.931253
v 3.808430 8.780607 0.942519
v 3.800160 8.784450 0.954539
v 3.834947 8.591808 0.946587
v 3.844628 8.599637 0.936367
v 3.852910 8.610787 0.927137
v 3.859475 8.624830 0.919251
v 3.864070 8.641226 0.913013
v 3.866518 8.659345 0.908663
v 3.866726 8.678490 0.906367
v 3.864686 8.697925 0.906214
v 3.860476 8.716905 0.908210
v 3.854258 8.734698 0.912277
v 3.846270 8.750623 0.918261
v 3.836820 8.764067 0.925930
v 3.826271 8.774511 0.934991
v 3.815028 8.781558 0.945094
v 3.803523 8.784933 0.955851
v 3.837887 8.592203 0.948319
v 3.850396 8.600412 0.939763
v 3.861284 8.611914 0.932067
v 3.870132 8.626264 0.925527
v 3.876602 8.642911 0.920393
v 3.880443 8.661217 0.916862
v 3.881509 8.680477 0.915072
v 3.879758 8.699951 0.915089
v 3.875258 8.718892 0.916915
v 3.868182 8.736570 0.920477
v 3.858802 8.752308 0.925641
v 3.847477 8.765499 0.932206
v 3.834644 8.775638 0.939921
v 3.820796 8.782333 0.948490
v 3.806464 8.785329 0.957583
v 3.840292 8.592494 0.950403
v 3.855112 8.600984 0.943851
v 3.868130 8.612742 0.938003
v 3.878846 8.627319 0.933081
v 3.886848 8.644153 0.929275
v 3.891828 8.662596 0.926732
v 3.893595 8.681941 0.925549
v 3.892081 8.701445 0.925772
v 3.887345 8.720356 0.927392
v 3.879567 8.737949 0.930347
v 3.869048 8.753550 0.934523
v 3.856191 8.766555 0.939760
v 3.841491 8.776466 0.945857
v 3.825511 8.782905 0.952578
v 3.808868 8.785620 0.959667
v 3.842067 8.592670 0.952759
v 3.858594 8.601329 0.948474
v 3.873186 8.613243 0.944714
v 3.885281 8.627956 0.941623
v 3.894414 8.644901 0.939320
v 3.900235 8.663428 0.937893
v 3.902520 8.682825 0.937397
v 3.901181 8.702346 0.937852
v 3.896270 8.721240 0.939240
v 3.887975 8.738782 0.941508
v 3.876614 8.754298 0.944567
v 3.862626 8.767192 0.948302
v 3.846546 8.776967 0.952568
v 3.828994 8.783249 0.957201
v 3.810643 8.785796 0.962024
v 3.843145 8.592724 0.955298
v 3.860710 8.601434 0.953454
v 3.876257 8.613397 0.951944
v 3.889189 8.628151 0.950824
v 3.899010 8.645130 0.950139
v 3.905342 8.663683 0.949915
v 3.907942 8.683095 0.950160
v 3.906709 8.702621 0.950865
v 3.901691 8.721510 0.952003
v 3.893081 8.739037 0.953530
v 3.881210 8.754527 0.955387
v 3.866534 8.767386 0.957504
v 3.849617 8.777121 0.959798
v 3.831109 8.783355 0.962181
v 3.811722 8.785850 0.964562
v 3.843485 8.592653 0.957921
v 3.861377 8.601295 0.958600
v 3.877225 8.613195 0.959414
v 3.890422 8.627895 0.960332
v 3.900459 8.644830 0.961319
v 3.906952 8.663349 0.962338
v 3.909651 8.682740 0.963348
v 3.908451 8.702259 0.964311
v 3.903400 8.721155 0.965191
v 3.894691 8.738703 0.965952
v 3.882659 8.754227 0.966567
v 3.867767 8.767131 0.967011
v 3.850585 8.776919 0.967268
v 3.831776 8.783216 0.967326
v 3.812062 8.785779 0.967186
v 3.843074 8.592462 0.960528
v 3.860569 8.600919 0.963713
v 3.876053 8.612649 0.966837
v 3.888930 8.627199 0.969780
v 3.898705 8.644011 0.972429
v 3.905004 8.662439 0.974682
v 3.907582 8.681775 0.976453
v 3.906342 8.701275 0.977673
v 3.901332 8.720190 0.978296
v 3.892743 8.737793 0.978297
v 3.880905 8.753408 0.977677
v 3.866275 8.766435 0.976459
v 3.849414 8.776373 0.974691
v 3.830969 8.782840 0.972440
v 3.811650 8.785587 0.969792
v 3.841927 8.592155 0.963018
v 3.858319 8.600319 0.968598
v 3.872786 8.611777 0.973929
v 3.884772 8.626090 0.978806
v 3.893816 8.642707 0.983042
v 3.899571 8.660990 0.986475
v 3.901815 8.680236 0.988972
v 3.900462 8.699706 0.990437
v 3.895565 8.718651 0.990815
v 3.887310 8.736343 0.990090
v 3.876016 8.752104 0.988290
v 3.862117 8.765326 0.985485
v 3.846147 8.775501 0.981783
v 3.828719 8.782239 0.977325
v 3.810503 8.785281 0.972283
v 3.840088 8.591747 0.965296
v 3.854712 8.599518 0.973066
v 3.867550 8.610614 0.980416
v 3.878108 8.624609 0.987063
v 3.885980 8.640966 0.992751
v 3.890864 8.659056 0.997263
v 3.892571 8.678183 1.000424
v 3.891037 8.697612 1.002114
v 3.886321 8.716598 1.002267
v 3.878603 8.734409 1.000877
v 3.868180 8.750363 0.997999
v 3.855453 8.763845 0.993742
v 3.840911 8.774338 0.988270
v 3.825112 8.781438 0.981793
v 3.808664 8.784872 0.974561
v 3.837628 8.591251 0.967274
v 3.849888 8.598546 0.976947
v 3.860546 8.609204 0.986049
v 3.869193 8.622815 0.994233
v 3.875497 8.638856 1.001182
v 3.879216 8.656711 1.006631
v 3.880206 8.675694 1.010369
v 3.878430 8.695074 1.012254
v 3.873955 8.714108 1.012212
v 3.866955 8.732065 1.010246
v 3.857697 8.748253 1.006430
v 3.846538 8.762051 1.000912
v 3.833906 8.772928 0.993903
v 3.820287 8.780467 0.985673
v 3.806205 8.784377 0.976539
v 3.834642 8.590689 0.968877
v 3.844030 8.597443 0.980090
v 3.852042 8.607601 0.990612
v 3.858370 8.620775 1.000040
v 3.862771 8.636457 1.008011
v 3.865075 8.654046 1.014219
v 3.865194 8.672865 1.018425
v 3.863124 8.692190 1.020467
v 3.858944 8.711280 1.020268
v 3.852814 8.729400 1.017834
v 3.844971 8.745854 1.013259
v 3.835715 8.760011 1.006720
v 3.825403 8.771325 0.998466
v 3.814430 8.779363 0.988816
v 3.803219 8.783814 0.978141
v 3.831245 8.590080 0.970042
v 3.837366 8.596249 0.982375
v 3.842367 8.605868 0.993930
v 3.846056 8.618569 1.004263
v 3.848290 8.633863 1.012977
v 3.848985 8.651163 1.019736
v 3.848113 8.669805 1.024282
v 3.845708 8.689070 1.026439
v 3.841863 8.708220 1.026124
v 3.836724 8.726518 1.023351
v 3.830490 8.743260 1.018224
v 3.823400 8.757805 1.010942
v 3.815727 8.769592 1.001784
v 3.807765 8.778169 0.991102
v 3.799821 8.783206 0.979306
v 3.827566 8.589449 0.970725
v 3.830150 8.595010 0.983714
v 3.831891 8.604070 0.995874
v 3.832722 8.616281 1.006738
v 3.832612 8.631172 1.015887
v 3.831564 8.648173 1.022970
v 3.829619 8.666631 1.027714
v 3.826852 8.685834 1.029939
v 3.823369 8.705046 1.029557
v 3.819303 8.723528 1.026585
v 3.814812 8.740569 1.021134
v 3.810067 8.755517 1.013417
v 3.805251 8.767795 1.003728
v 3.800549 8.776931 0.992441
v 3.796142 8.782575 0.979989
v 3.823747 8.588820 0.970899
v 3.822660 8.593775 0.984056
v 3.818882 8.613998 1.007370
v 3.813482 8.645192 1.023796
v 3.801221 8.720546 1.027411
v 3.796227 8.753234 1.014049
v 3.794377 8.766001 1.004225
v 3.793059 8.775696 0.992783
v 3.792324 8.781945 0.980163
v 4.918477 8.587601 0.957404
v 4.915256 8.602277 0.996371
v 4.910577 8.628489 1.016630
v 4.904662 8.663465 1.028592
v 4.901518 8.682607 1.030833
v 4.898411 8.701880 1.030434
v 4.892776 8.737885 1.021878
v 4.886438 8.784510 0.966850
v 4.914175 8.588216 0.970558
v 4.909422 8.592590 0.983388
v 4.904402 8.600557 0.995401
v 4.899307 8.611810 1.006135
v 4.894333 8.625916 1.015178
v 4.889671 8.642332 1.022183
v 4.885501 8.660430 1.026879
v 4.881982 8.679511 1.029087
v 4.879250 8.698845 1.028722
v 4.877410 8.717687 1.025797
v 4.876533 8.735312 1.020426
v 4.876652 8.751046 1.012815
v 4.877762 8.764281 1.003255
v 4.879822 8.774511 0.992115
v 4.882751 8.781342 0.979823
v 4.910517 8.587661 0.969716
v 4.902247 8.591502 0.981735
v 4.893985 8.598978 0.993001
v 4.886049 8.609799 1.003081
v 4.878743 8.623551 1.011587
v 4.872349 8.639706 1.018192
v 4.867112 8.657640 1.022642
v 4.863233 8.676668 1.024768
v 4.860861 8.696055 1.024485
v 4.860088 8.715059 1.021807
v 4.860943 8.732948 1.016835
v 4.863394 8.749035 1.009760
v 4.867346 8.762702 1.000855
v 4.872647 8.773423 0.990462
v 4.879094 8.780787 0.978980
v 4.907153 8.587176 0.968403
v 4.895649 8.590552 0.979161
v 4.884406 8.597598 0.989264
v 4.873857 8.608044 0.998325
v 4.864407 8.621487 1.005994
v 4.856419 8.637411 1.011977
v 4.850201 8.655206 1.016045
v 4.845990 8.674185 1.018041
v 4.843950 8.693621 1.017888
v 4.844158 8.712766 1.015592
v 4.846607 8.730884 1.011242
v 4.851202 8.747279 1.005004
v 4.857766 8.761322 0.997118
v 4.866048 8.772472 0.987888
v 4.875730 8.780302 0.977668
v 4.904213 8.586782 0.966672
v 4.889881 8.589777 0.975765
v 4.876033 8.596473 0.984333
v 4.863199 8.606610 0.992049
v 4.851875 8.619802 0.998614
v 4.842494 8.635539 1.003778
v 4.835418 8.653218 1.007340
v 4.830918 8.672158 1.009166
v 4.829168 8.691633 1.009183
v 4.830234 8.710893 1.007392
v 4.834075 8.729198 1.003862
v 4.840544 8.745847 0.998728
v 4.849393 8.760197 0.992187
v 4.860281 8.771697 0.984492
v 4.872789 8.779906 0.975936
v 4.901809 8.586490 0.964588
v 4.885165 8.589206 0.971676
v 4.869186 8.595643 0.978398
v 4.854486 8.605556 0.984495
v 4.841629 8.618561 0.989732
v 4.831110 8.634160 0.993908
v 4.823332 8.651754 0.996863
v 4.818595 8.670666 0.998482
v 4.817081 8.690169 0.998705
v 4.818849 8.709514 0.997523
v 4.823829 8.727958 0.994979
v 4.831831 8.744791 0.991174
v 4.842546 8.759367 0.986252
v 4.855565 8.771126 0.980403
v 4.870385 8.779615 0.973852
v 4.900033 8.586314 0.962231
v 4.881683 8.588861 0.967054
v 4.864130 8.595142 0.971687
v 4.848051 8.604918 0.975953
v 4.834063 8.617811 0.979687
v 4.822702 8.633327 0.982747
v 4.814407 8.650870 0.985015
v 4.809495 8.669765 0.986402
v 4.808156 8.689285 0.986857
v 4.810441 8.708681 0.986362
v 4.816262 8.727208 0.984935
v 4.825396 8.744154 0.982632
v 4.837491 8.758866 0.979541
v 4.852082 8.770782 0.975780
v 4.868610 8.779440 0.971495
v 4.898955 8.586261 0.959692
v 4.879568 8.588756 0.962074
v 4.861060 8.594990 0.964457
v 4.844142 8.604723 0.966751
v 4.829466 8.617582 0.968867
v 4.817595 8.633074 0.970725
v 4.808986 8.650600 0.972252
v 4.803968 8.669490 0.973389
v 4.802735 8.689015 0.974094
v 4.805335 8.708427 0.974340
v 4.811666 8.726979 0.974115
v 4.821487 8.743959 0.973430
v 4.834420 8.758714 0.972311
v 4.849967 8.770676 0.970801
v 4.867532 8.779387 0.968957
v 4.898615 8.586330 0.957069
v 4.878901 8.588894 0.956928
v 4.860091 8.595190 0.956987
v 4.842910 8.604979 0.957244
v 4.828017 8.617884 0.957688
v 4.815985 8.633408 0.958302
v 4.807276 8.650954 0.959064
v 4.802225 8.669851 0.959944
v 4.801026 8.689370 0.960907
v 4.803724 8.708761 0.961917
v 4.810217 8.727281 0.962936
v 4.820255 8.744215 0.963923
v 4.833452 8.758915 0.964841
v 4.849300 8.770814 0.965655
v 4.867191 8.779456 0.966334
v 4.899027 8.586523 0.954462
v 4.879708 8.589271 0.951815
v 4.861263 8.595737 0.949564
v 4.844402 8.605675 0.947795
v 4.829771 8.618702 0.946578
v 4.817934 8.634316 0.945958
v 4.809345 8.651920 0.945959
v 4.804335 8.670835 0.946582
v 4.803094 8.690335 0.947802
v 4.805673 8.709670 0.949573
v 4.811971 8.728099 0.951826
v 4.821746 8.744911 0.954475
v 4.834623 8.759461 0.957418
v 4.850107 8.771191 0.960542
v 4.867603 8.779649 0.963727
v 4.900174 8.586829 0.951972
v 4.881958 8.589870 0.946930
v 4.864530 8.596609 0.942472
v 4.848559 8.606785 0.938770
v 4.834661 8.620007 0.935965
v 4.823367 8.635766 0.934165
v 4.815112 8.653459 0.933440
v 4.810215 8.672404 0.933817
v 4.808862 8.691874 0.935283
v 4.811106 8.711121 0.937780
v 4.816860 8.729403 0.941212
v 4.825904 8.746020 0.945449
v 4.837890 8.760333 0.950326
v 4.852357 8.771791 0.955657
v 4.868750 8.779955 0.961237
v 4.902012 8.587237 0.949694
v 4.885565 8.590672 0.942462
v 4.869766 8.597772 0.935985
v 4.855224 8.608265 0.930513
v 4.842497 8.621747 0.926256
v 4.832074 8.637700 0.923377
v 4.824356 8.655512 0.921988
v 4.819639 8.674498 0.922141
v 4.818106 8.693928 0.923831
v 4.819813 8.713055 0.926992
v 4.824697 8.731144 0.931504
v 4.832569 8.747500 0.937192
v 4.843126 8.761497 0.943839
v 4.855965 8.772593 0.951189
v 4.870589 8.780363 0.958959
v 4.904472 8.587732 0.947716
v 4.890389 8.591643 0.938581
v 4.876770 8.599182 0.930352
v 4.864139 8.610060 0.923343
v 4.852980 8.623857 0.917825
v 4.843722 8.640045 0.914009
v 4.836721 8.658001 0.912043
v 4.832247 8.677035 0.912001
v 4.830471 8.696417 0.913886
v 4.831461 8.715399 0.917624
v 4.835179 8.733254 0.923073
v 4.841484 8.749295 0.930022
v 4.850131 8.762906 0.938206
v 4.860789 8.773563 0.947308
v 4.873048 8.780858 0.956980
v 4.907458 8.588295 0.946114
v 4.896247 8.592747 0.935438
v 4.885274 8.600784 0.925789
v 4.874962 8.612099 0.917535
v 4.865706 8.626255 0.910996
v 4.857862 8.642710 0.906421
v 4.851733 8.660830 0.903987
v 4.847553 8.679920 0.903787
v 4.845482 8.699245 0.905830
v 4.845602 8.718064 0.910036
v 4.847906 8.735652 0.916243
v 4.852306 8.751335 0.924214
v 4.858634 8.764508 0.933642
v 4.866646 8.774668 0.944165
v 4.876035 8.781421 0.955378
v 4.910856 8.588904 0.944949
v 4.902911 8.593941 0.933153
v 4.894949 8.602518 0.922471
v 4.887276 8.614305 0.913313
v 4.880187 8.628850 0.906030
v 4.873952 8.645593 0.900904
v 4.868814 8.663891 0.898130
v 4.864968 8.683040 0.897816
v 4.862563 8.702306 0.899973
v 4.861691 8.720946 0.904519
v 4.862386 8.738247 0.911278
v 4.864621 8.753541 0.919992
v 4.868310 8.766242 0.930325
v 4.873311 8.775862 0.941880
v 4.879432 8.782030 0.954213
v 4.914535 8.589536 0.944266
v 4.910128 8.595180 0.931814
v 4.905426 8.604316 0.920526
v 4.900610 8.616593 0.910838
v 4.895865 8.631540 0.903120
v 4.891374 8.648582 0.897670
v 4.887308 8.667065 0.894697
v 4.883825 8.686276 0.894316
v 4.881057 8.705480 0.896540
v 4.879112 8.723936 0.901285
v 4.878065 8.740937 0.908368
v 4.877954 8.755829 0.917517
v 4.878786 8.768040 0.928380
v 4.880527 8.777100 0.940540
v 4.883111 8.782661 0.953530
v 4.918353 8.590165 0.944091
v 4.917617 8.596415 0.931471
v 4.916299 8.606109 0.920030
v 4.914450 8.618876 0.910206
v 4.912139 8.634224 0.902377
v 4.909456 8.651565 0.896844
v 4.906505 8.670230 0.893821
v 4.903397 8.689504 0.893422
v 4.900254 8.708645 0.895663
v 4.897195 8.726918 0.900459
v 4.894339 8.743621 0.907625
v 4.891794 8.758112 0.916885
v 4.889660 8.769833 0.927884
v 4.888017 8.778335 0.940198
v 4.886930 8.783291 0.953356
v 4.922164 8.590769 0.944432
v 4.925094 8.597599 0.932140
v 4.927153 8.607828 0.921000
v 4.928264 8.621064 0.911440
v 4.928383 8.636797 0.903829
v 4.927505 8.654424 0.898458
v 4.925665 8.673265 0.895533
v 4.922934 8.692598 0.895168
v 4.919415 8.711680 0.897376
v 4.915244 8.729777 0.902072
v 4.910583 8.746194 0.909077
v 4.905609 8.760300 0.918119
v 4.900514 8.771552 0.928854
v 4.895494 8.779519 0.940867
v 4.890740 8.783895 0.953696
v 4.925822 8.591324 0.945275
v 4.932269 8.598687 0.933793
v 4.937570 8.609408 0.923400
v 4.941522 8.623075 0.914495
v 4.943972 8.639162 0.907420
v 4.944828 8.657051 0.902448
v 4.944055 8.676054 0.899770
v 4.941683 8.695442 0.899487
v 4.937804 8.714469 0.901612
v 4.932567 8.732405 0.906063
v 4.926172 8.748559 0.912668
v 4.918867 8.762311 0.921174
v 4.910930 8.773132 0.931253
v 4.902668 8.780607 0.942519
v 4.894399 8.784450 0.954539
v 4.929186 8.591808 0.946587
v 4.938867 8.599637 0.936367
v 4.947149 8.610787 0.927137
v 4.953713 8.624830 0.919251
v 4.958309 8.641226 0.913013
v 4.960757 8.659345 0.908663
v 4.960965 8.678490 0.906367
v 4.958925 8.697925 0.906214
v 4.954715 8.716905 0.908210
v 4.948496 8.734698 0.912278
v 4.940508 8.750623 0.918261
v 4.931058 8.764067 0.925930
v 4.920509 8.774511 0.934991
v 4.909266 8.781558 0.945094
v 4.897762 8.784933 0.955851
v 4.932126 8.592203 0.948319
v 4.944635 8.600412 0.939763
v 4.955523 8.611914 0.932068
v 4.964371 8.626264 0.925527
v 4.970840 8.642911 0.920393
v 4.974682 8.661217 0.916862
v 4.975748 8.680477 0.915072
v 4.973997 8.699951 0.915089
v 4.969497 8.718892 0.916915
v 4.962421 8.736570 0.920477
v 4.953040 8.752308 0.925641
v 4.941716 8.765499 0.932206
v 4.928883 8.775638 0.939921
v 4.915034 8.782333 0.948490
v 4.900702 8.785329 0.957583
v 4.934530 8.592494 0.950403
v 4.949350 8.600984 0.943852
v 4.962369 8.612742 0.938003
v 4.973085 8.627319 0.933081
v 4.981087 8.644153 0.929275
v 4.986067 8.662596 0.926732
v 4.987834 8.681941 0.925550
v 4.986320 8.701445 0.925772
v 4.981583 8.720356 0.927392
v 4.973806 8.737949 0.930347
v 4.963286 8.753550 0.934523
v 4.950429 8.766555 0.939760
v 4.935729 8.776466 0.945857
v 4.919750 8.782905 0.952578
v 4.903107 8.785620 0.959667
v 4.936306 8.592670 0.952759
v 4.952833 8.601329 0.948474
v 4.967425 8.613243 0.944714
v 4.979520 8.627956 0.941623
v 4.988653 8.644901 0.939320
v 4.994474 8.663428 0.937893
v 4.996759 8.682825 0.937397
v 4.995420 8.702346 0.937852
v 4.990509 8.721240 0.939240
v 4.982213 8.738782 0.941508
v 4.970853 8.754298 0.944567
v 4.956864 8.767192 0.948302
v 4.940785 8.776967 0.952568
v 4.923233 8.783249 0.957201
v 4.904882 8.785796 0.962024
v 4.937384 8.592724 0.955298
v 4.954948 8.601434 0.953454
v 4.970495 8.613397 0.951944
v 4.983428 8.628151 0.950824
v 4.993249 8.645130 0.950140
v 4.999581 8.663683 0.949915
v 5.002180 8.683095 0.950160
v 5.000947 8.702621 0.950865
v 4.995930 8.721510 0.952003
v 4.987320 8.739037 0.953530
v 4.975449 8.754527 0.955387
v 4.960773 8.767386 0.957504
v 4.943856 8.777121 0.959798
v 4.925348 8.783355 0.962181
v 4.905960 8.785850 0.964562
v 4.937724 8.592653 0.957921
v 4.955615 8.601295 0.958600
v 4.971464 8.613195 0.959414
v 4.984660 8.627895 0.960332
v 4.994698 8.644830 0.961319
v 5.001191 8.663349 0.962338
v 5.003890 8.682740 0.963348
v 5.002690 8.702259 0.964311
v 4.997639 8.721155 0.965191
v 4.988930 8.738703 0.965952
v 4.976898 8.754227 0.966567
v 4.962005 8.767131 0.967011
v 4.944824 8.776919 0.967268
v 4.926015 8.783216 0.967327
v 4.906301 8.785779 0.967186
v 4.937312 8.592462 0.960528
v 4.954808 8.600919 0.963713
v 4.970292 8.612649 0.966837
v 4.983169 8.627199 0.969780
v 4.992944 8.644011 0.972429
v 4.999242 8.662439 0.974682
v 5.001821 8.681775 0.976453
v 5.000581 8.701275 0.977673
v 4.995570 8.720190 0.978296
v 4.986981 8.737793 0.978297
v 4.975144 8.753408 0.977677
v 4.960514 8.766435 0.976459
v 4.943652 8.776373 0.974691
v 4.925208 8.782840 0.972440
v 4.905889 8.785587 0.969792
v 4.936165 8.592155 0.963018
v 4.952558 8.600319 0.968598
v 4.967025 8.611777 0.973929
v 4.979011 8.626090 0.978806
v 4.988055 8.642707 0.983042
v 4.993810 8.660990 0.986475
v 4.996054 8.680236 0.988972
v 4.994701 8.699706 0.990438
v 4.989803 8.718651 0.990815
v 4.981549 8.736343 0.990090
v 4.970255 8.752104 0.988290
v 4.956356 8.765326 0.985485
v 4.940385 8.775501 0.981783
v 4.922957 8.782239 0.977325
v 4.904742 8.785281 0.972283
v 4.934327 8.591747 0.965296
v 4.948951 8.599518 0.973066
v 4.961789 8.610614 0.980416
v 4.972347 8.624609 0.987063
v 4.980219 8.640966 0.992751
v 4.985103 8.659056 0.997263
v 4.986810 8.678183 1.000424
v 4.985276 8.697612 1.002114
v 4.980559 8.716598 1.002267
v 4.972841 8.734409 1.000877
v 4.962419 8.750363 0.997999
v 4.949692 8.763845 0.993742
v 4.935149 8.774338 0.988270
v 4.919351 8.781438 0.981793
v 4.902903 8.784872 0.974561
v 4.931867 8.591251 0.967274
v 4.944126 8.598546 0.976947
v 4.954784 8.609204 0.986049
v 4.963432 8.622815 0.994233
v 4.969736 8.638856 1.001182
v 4.973454 8.656711 1.006631
v 4.974445 8.675694 1.010369
v 4.972669 8.695074 1.012254
v 4.968194 8.714108 1.012212
v 4.961194 8.732065 1.010246
v 4.951936 8.748253 1.006430
v 4.940777 8.762051 1.000912
v 4.928145 8.772928 0.993903
v 4.914526 8.780467 0.985673
v 4.900444 8.784377 0.976539
v 4.928881 8.590689 0.968877
v 4.938269 8.597443 0.980090
v 4.946281 8.607601 0.990612
v 4.952609 8.620775 1.000040
v 4.957009 8.636457 1.008011
v 4.959314 8.654046 1.014219
v 4.959433 8.672865 1.018425
v 4.957363 8.692190 1.020467
v 4.953182 8.711280 1.020268
v 4.947053 8.729400 1.017834
v 4.939209 8.745854 1.013259
v 4.929954 8.760011 1.006720
v 4.919641 8.771325 0.998466
v 4.908669 8.779363 0.988816
v 4.897457 8.783814 0.978141
v 4.925483 8.590080 0.970042
v 4.931604 8.596249 0.982375
v 4.936605 8.605868 0.993930
v 4.940294 8.618568 1.004263
v 4.942529 8.633863 1.012977
v 4.943224 8.651163 1.019736
v 4.942352 8.669805 1.024282
v 4.939947 8.689070 1.026439
v 4.936101 8.708220 1.026124
v 4.930963 8.726518 1.023351
v 4.924729 8.743260 1.018224
v 4.917639 8.757805 1.010942
v 4.909966 8.769592 1.001784
v 4.902004 8.778169 0.991102
v 4.894060 8.783206 0.979306
v 4.921804 8.589449 0.970725
v 4.924388 8.595010 0.983714
v 4.926129 8.604070 0.995875
v 4.926961 8.616281 1.006738
v 4.926850 8.631172 1.015887
v 4.925803 8.648173 1.022970
v 4.923858 8.666631 1.027715
v 4.921091 8.685834 1.029939
v 4.917607 8.705046 1.029557
v 4.913542 8.723528 1.026585
v 4.909050 8.740569 1.021134
v 4.904305 8.755516 1.013417
v 4.899490 8.767794 1.003728
v 4.894788 8.776931 0.992441
v 4.890381 8.782575 0.979989
v 4.917986 8.588820 0.970899
v 4.916899 8.593775 0.984057
v 4.913121 8.613998 1.007370
v 4.907721 8.645192 1.023796
v 4.895459 8.720546 1.027411
v 4.890466 8.753234 1.014049
v 4.888616 8.766001 1.004225
v 4.887298 8.775696 0.992783
v 4.886563 8.781945 0.980163
vn -0.1788 0.8775 0.4450
vn -0.0683 -0.1271 0.9895
vn 0.1475 -0.9845 0.0943
vn -0.1700 0.9673 0.1879
vn -0.0900 0.0061 0.9959
vn 0.1147 -0.9265 0.3584
vn -0.1104 0.1419 0.9837
vn 0.0779 -0.8155 0.5734
vn -0.1298 0.2831 0.9503
vn 0.0422 -0.6796 0.7324
vn -0.1479 0.4316 0.8898
vn 0.0097 -0.5372 0.8434
vn -0.1638 0.5866 0.7931
vn -0.0191 -0.3969 0.9176
vn -0.1753 0.7411 0.6481
vn -0.0449 -0.2606 0.9644
vn -0.2561 0.7351 0.6277
vn -0.1740 -0.2847 0.9427
vn -0.2314 0.8728 0.4298
vn -0.2005 -0.1490 0.9683
vn 0.1294 -0.9876 0.0885
vn -0.1883 0.9651 0.1822
vn -0.2226 -0.0130 0.9748
vn 0.0631 -0.9372 0.3430
vn -0.2408 0.1259 0.9624
vn -0.0009 -0.8335 0.5524
vn -0.2549 0.2702 0.9284
vn -0.0569 -0.7025 0.7094
vn -0.2638 0.4217 0.8675
vn -0.1037 -0.5624 0.8203
vn -0.2654 0.5790 0.7709
vn -0.1422 -0.4223 0.8952
vn -0.0764 -0.8557 0.5117
vn -0.3833 0.2643 0.8850
vn -0.1538 -0.7315 0.6643
vn -0.3817 0.4202 0.8233
vn -0.2166 -0.5942 0.7746
vn -0.3672 0.5800 0.7272
vn -0.2666 -0.4533 0.8506
vn -0.3354 0.7360 0.5881
vn -0.3059 -0.3125 0.8993
vn -0.2819 0.8717 0.4008
vn -0.3364 -0.1720 0.9259
vn 0.1124 -0.9906 0.0775
vn -0.2056 0.9635 0.1713
vn -0.3595 -0.0304 0.9327
vn 0.0145 -0.9495 0.3134
vn -0.3753 0.1144 0.9198
vn -0.4417 -0.3438 0.8287
vn -0.3285 0.8739 0.3583
vn -0.4779 -0.1960 0.8563
vn 0.0972 -0.9933 0.0618
vn -0.2211 0.9628 0.1556
vn -0.5023 -0.0459 0.8635
vn -0.0297 -0.9623 0.2702
vn -0.5152 0.1076 0.8503
vn -0.1469 -0.8806 0.4506
vn -0.5155 0.2653 0.8148
vn -0.2471 -0.7652 0.5944
vn -0.5008 0.4268 0.7530
vn -0.3286 -0.6316 0.7022
vn -0.4675 0.5888 0.6594
vn -0.3927 -0.4895 0.7786
vn -0.4111 0.7428 0.5285
vn -0.6488 0.2731 0.7102
vn -0.3339 -0.8009 0.4970
vn -0.6178 0.4409 0.6511
vn -0.4367 -0.6724 0.5977
vn -0.5625 0.6041 0.5644
vn -0.5182 -0.5293 0.6718
vn -0.4799 0.7542 0.4482
vn -0.5800 -0.3776 0.7218
vn -0.3692 0.8785 0.3032
vn -0.6236 -0.2204 0.7501
vn 0.0843 -0.9956 0.0418
vn -0.2343 0.9626 0.1357
vn -0.6498 -0.0591 0.7578
vn -0.0677 -0.9744 0.2143
vn -0.6587 0.1057 0.7450
vn -0.2098 -0.9056 0.3686
vn -0.4020 0.8845 0.2368
vn -0.7660 -0.2428 0.5952
vn 0.0743 -0.9971 0.0184
vn -0.2446 0.9631 0.1124
vn -0.7944 -0.0686 0.6035
vn -0.0979 -0.9843 0.1472
vn -0.7979 0.1091 0.5929
vn -0.2617 -0.9277 0.2663
vn -0.7753 0.2869 0.5626
vn -0.4089 -0.8341 0.3702
vn -0.7252 0.4605 0.5119
vn -0.5344 -0.7118 0.4557
vn -0.6461 0.6236 0.4402
vn -0.6361 -0.5686 0.5216
vn -0.5376 0.7682 0.3477
vn -0.7133 -0.4107 0.5680
vn -0.4649 -0.8587 0.2156
vn -0.8101 0.4820 0.3339
vn -0.6108 -0.7424 0.2752
vn -0.7093 0.6435 0.2877
vn -0.7319 -0.5997 0.3236
vn -0.5794 0.7820 0.2296
vn -0.8247 -0.4365 0.3596
vn -0.4248 0.8908 0.1616
vn -0.8871 -0.2587 0.3823
vn 0.0676 -0.9977 -0.0076
vn -0.2516 0.9640 0.0865
vn -0.9175 -0.0721 0.3912
vn -0.1187 -0.9904 0.0714
vn -0.9149 0.1176 0.3861
vn -0.2987 -0.9430 0.1468
vn -0.8790 0.3044 0.3669
vn -0.9581 -0.2616 0.1171
vn 0.0643 -0.9973 -0.0351
vn -0.2550 0.9651 0.0590
vn -0.9897 -0.0671 0.1265
vn -0.1288 -0.9916 -0.0100
vn -0.9828 0.1300 0.1309
vn -0.3174 -0.9482 0.0156
vn -0.9379 0.3217 0.1302
vn -0.4942 -0.8684 0.0407
vn -0.8567 0.5005 0.1245
vn -0.6524 -0.7551 0.0643
vn -0.7428 0.6597 0.1140
vn -0.7859 -0.6125 0.0854
vn -0.6007 0.7933 0.0992
vn -0.8892 -0.4458 0.1033
vn -0.4360 0.8963 0.0806
vn -0.8537 0.5117 -0.0971
vn -0.6494 -0.7440 -0.1573
vn -0.7403 0.6688 -0.0676
vn -0.7824 -0.5998 -0.1677
vn -0.5989 0.8000 -0.0356
vn -0.8854 -0.4320 -0.1716
vn -0.4349 0.9005 -0.0023
vn -0.9541 -0.2472 -0.1688
vn 0.0647 -0.9959 -0.0631
vn -0.2546 0.9666 0.0310
vn -0.9858 -0.0527 -0.1595
vn -0.1277 -0.9875 -0.0929
vn -0.9791 0.1438 -0.1440
vn -0.3155 -0.9414 -0.1191
vn -0.9344 0.3344 -0.1229
vn -0.4917 -0.8593 -0.1409
vn -0.2505 0.9681 0.0036
vn -0.9064 -0.0313 -0.4214
vn -0.1153 -0.9781 -0.1734
vn -0.9042 0.1570 -0.3972
vn -0.2933 -0.9231 -0.2486
vn -0.8691 0.3409 -0.3585
vn -0.4576 -0.8322 -0.3131
vn -0.8013 0.5141 -0.3059
vn -0.6021 -0.7103 -0.3647
vn -0.7021 0.6701 -0.2410
vn -0.7220 -0.5633 -0.4018
vn -0.5740 0.8019 -0.1658
vn -0.8140 -0.3971 -0.4238
vn -0.4214 0.9030 -0.0831
vn -0.8760 -0.2179 -0.4303
vn 0.0687 -0.9935 -0.0905
vn -0.6347 0.6654 -0.3930
vn -0.6209 -0.5126 -0.5931
vn -0.5290 0.7998 -0.2836
vn -0.6970 -0.3508 -0.6255
vn -0.3966 0.9043 -0.1580
vn -0.7492 -0.1810 -0.6372
vn 0.0762 -0.9903 -0.1161
vn -0.2428 0.9698 -0.0220
vn -0.7775 -0.0067 -0.6288
vn -0.0925 -0.9644 -0.2476
vn -0.7815 0.1690 -0.6005
vn -0.2531 -0.8960 -0.3649
vn -0.7601 0.3429 -0.5520
vn -0.3975 -0.7923 -0.4629
vn -0.7116 0.5104 -0.4829
vn -0.5208 -0.6619 -0.5391
vn -0.0605 -0.9480 -0.3125
vn -0.6382 0.1807 -0.7483
vn -0.1984 -0.8639 -0.4630
vn -0.6296 0.3437 -0.6968
vn -0.3191 -0.7467 -0.5837
vn -0.6005 0.5047 -0.6203
vn -0.4193 -0.6086 -0.6737
vn -0.5477 0.6584 -0.5163
vn -0.4990 -0.4587 -0.7353
vn -0.4685 0.7960 -0.3833
vn -0.5596 -0.3027 -0.7715
vn -0.3620 0.9049 -0.2236
vn -0.6026 -0.1434 -0.7851
vn 0.0868 -0.9865 -0.1390
vn -0.2318 0.9717 -0.0450
vn -0.6288 0.0180 -0.7774
vn -0.3706 -0.4086 -0.8341
vn -0.3975 0.7925 -0.4625
vn -0.4185 -0.2585 -0.8706
vn -0.3198 0.9058 -0.2778
vn -0.4541 -0.1087 -0.8843
vn 0.1002 -0.9823 -0.1582
vn -0.2181 0.9738 -0.0644
vn -0.4785 0.0414 -0.8771
vn -0.0210 -0.9304 -0.3659
vn -0.4919 0.1929 -0.8490
vn -0.1334 -0.8308 -0.5403
vn -0.4934 0.3463 -0.7979
vn -0.2298 -0.7015 -0.6746
vn -0.4807 0.5008 -0.7199
vn -0.3085 -0.5577 -0.7706
vn -0.4501 0.6525 -0.6096
vn -0.3502 0.2064 -0.9136
vn -0.0613 -0.8001 -0.5967
vn -0.3594 0.3521 -0.8642
vn -0.1346 -0.6611 -0.7381
vn -0.3597 0.5010 -0.7872
vn -0.1946 -0.5134 -0.8358
vn -0.3480 0.6504 -0.6752
vn -0.2426 -0.3655 -0.8986
vn -0.3203 0.7916 -0.5204
vn -0.2808 -0.2205 -0.9341
vn -0.2720 0.9079 -0.3190
vn -0.3108 -0.0780 -0.9473
vn 0.1158 -0.9780 -0.1732
vn -0.2021 0.9761 -0.0795
vn -0.3339 0.0636 -0.9405
vn 0.0243 -0.9134 -0.4064
vn -0.2399 0.7946 -0.5577
vn -0.1478 -0.1887 -0.9708
vn -0.2208 0.9117 -0.3464
vn -0.1738 -0.0510 -0.9835
vn 0.1331 -0.9740 -0.1834
vn -0.1846 0.9787 -0.0897
vn -0.1959 0.0849 -0.9769
vn 0.0737 -0.8983 -0.4332
vn -0.2146 0.2219 -0.9512
vn 0.0154 -0.7740 -0.6329
vn -0.2298 0.3622 -0.9033
vn -0.0366 -0.6279 -0.7775
vn -0.2406 0.5068 -0.8278
vn -0.0805 -0.4773 -0.8750
vn -0.2451 0.6537 -0.7160
vn -0.1171 -0.3304 -0.9366
vn 0.0947 -0.7541 -0.6499
vn -0.1042 0.3770 -0.9203
vn 0.0631 -0.6029 -0.7953
vn -0.1242 0.5187 -0.8459
vn 0.0335 -0.4501 -0.8923
vn -0.1429 0.6633 -0.7346
vn 0.0064 -0.3031 -0.9530
vn -0.1586 0.8025 -0.5752
vn -0.0182 -0.1627 -0.9865
vn -0.1678 0.9179 -0.3596
vn -0.0411 -0.0273 -0.9988
vn 0.1514 -0.9704 -0.1883
vn -0.1662 0.9815 -0.0947
vn -0.0628 0.1059 -0.9924
vn 0.1257 -0.8861 -0.4461
vn -0.0837 0.2398 -0.9672
vn 0.1104 -0.1419 -0.9837
vn -0.1147 0.9265 -0.3584
vn 0.0900 -0.0061 -0.9959
vn 0.1700 -0.9673 -0.1879
vn -0.1475 0.9845 -0.0943
vn 0.0683 0.1271 -0.9895
vn 0.1788 -0.8775 -0.4450
vn 0.0449 0.2606 -0.9644
vn 0.1753 -0.7411 -0.6481
vn 0.0191 0.3969 -0.9176
vn 0.1638 -0.5866 -0.7931
vn -0.0097 0.5372 -0.8434
vn 0.1479 -0.4316 -0.8898
vn -0.0422 0.6796 -0.7324
vn 0.1298 -0.2831 -0.9503
vn -0.0779 0.8155 -0.5734
vn 0.1422 0.4223 -0.8952
vn 0.2654 -0.5790 -0.7709
vn 0.1037 0.5624 -0.8203
vn 0.2638 -0.4217 -0.8675
vn 0.0569 0.7025 -0.7094
vn 0.2549 -0.2702 -0.9284
vn 0.0009 0.8335 -0.5524
vn 0.2408 -0.1259 -0.9624
vn -0.0631 0.9372 -0.3430
vn 0.2226 0.0130 -0.9748
vn 0.1883 -0.9651 -0.1822
vn -0.1294 0.9876 -0.0885
vn 0.2005 0.1490 -0.9683
vn 0.2314 -0.8728 -0.4298
vn 0.1740 0.2847 -0.9427
vn 0.2561 -0.7351 -0.6277
vn -0.0145 0.9495 -0.3134
vn 0.3595 0.0304 -0.9327
vn 0.2056 -0.9635 -0.1713
vn -0.1124 0.9906 -0.0775
vn 0.3364 0.1720 -0.9259
vn 0.2819 -0.8717 -0.4008
vn 0.3059 0.3125 -0.8993
vn 0.3354 -0.7360 -0.5881
vn 0.2666 0.4533 -0.8506
vn 0.3672 -0.5800 -0.7272
vn 0.2166 0.5942 -0.7746
vn 0.3817 -0.4202 -0.8233
vn 0.1538 0.7315 -0.6643
vn 0.3833 -0.2643 -0.8850
vn 0.0764 0.8557 -0.5117
vn 0.3753 -0.1144 -0.9198
vn 0.3286 0.6316 -0.7022
vn 0.5008 -0.4268 -0.7530
vn 0.2471 0.7652 -0.5944
vn 0.5155 -0.2653 -0.8148
vn 0.1469 0.8806 -0.4506
vn 0.5152 -0.1076 -0.8503
vn 0.0297 0.9623 -0.2702
vn 0.5023 0.0459 -0.8635
vn 0.2211 -0.9628 -0.1556
vn -0.0972 0.9933 -0.0618
vn 0.4779 0.1960 -0.8563
vn 0.3285 -0.8739 -0.3583
vn 0.4417 0.3438 -0.8287
vn 0.4111 -0.7428 -0.5285
vn 0.3927 0.4895 -0.7786
vn 0.4675 -0.5888 -0.6594
vn 0.2343 -0.9626 -0.1357
vn -0.0843 0.9956 -0.0418
vn 0.6236 0.2204 -0.7501
vn 0.3692 -0.8785 -0.3032
vn 0.5800 0.3776 -0.7218
vn 0.4799 -0.7542 -0.4482
vn 0.5182 0.5293 -0.6718
vn 0.5625 -0.6041 -0.5644
vn 0.4367 0.6724 -0.5977
vn 0.6178 -0.4409 -0.6511
vn 0.3339 0.8009 -0.4970
vn 0.6488 -0.2731 -0.7102
vn 0.2098 0.9056 -0.3686
vn 0.6587 -0.1057 -0.7450
vn 0.0677 0.9744 -0.2143
vn 0.6498 0.0591 -0.7578
vn 0.7252 -0.4605 -0.5119
vn 0.4089 0.8341 -0.3702
vn 0.7753 -0.2869 -0.5626
vn 0.2617 0.9277 -0.2663
vn 0.7979 -0.1091 -0.5929
vn 0.0979 0.9843 -0.1472
vn 0.7944 0.0686 -0.6035
vn 0.2446 -0.9631 -0.1124
vn -0.0743 0.9971 -0.0184
vn 0.7660 0.2428 -0.5952
vn 0.4020 -0.8845 -0.2368
vn 0.7133 0.4107 -0.5680
vn 0.5376 -0.7682 -0.3477
vn 0.6361 0.5686 -0.5216
vn 0.6461 -0.6236 -0.4402
vn 0.5344 0.7118 -0.4557
vn 0.8871 0.2587 -0.3823
vn 0.4248 -0.8908 -0.1616
vn 0.8247 0.4365 -0.3596
vn 0.5794 -0.7820 -0.2296
vn 0.7319 0.5997 -0.3236
vn 0.7093 -0.6435 -0.2877
vn 0.6108 0.7424 -0.2752
vn 0.8101 -0.4820 -0.3339
vn 0.4649 0.8587 -0.2156
vn 0.8790 -0.3044 -0.3669
vn 0.2987 0.9430 -0.1468
vn 0.9149 -0.1176 -0.3861
vn 0.1187 0.9904 -0.0714
vn 0.9175 0.0721 -0.3912
vn 0.2516 -0.9640 -0.0865
vn -0.0676 0.9977 0.0076
vn 0.4942 0.8684 -0.0407
vn 0.9379 -0.3217 -0.1302
vn 0.3174 0.9482 -0.0156
vn 0.9828 -0.1300 -0.1309
vn 0.1288 0.9916 0.0100
vn 0.9897 0.0671 -0.1265
vn 0.2550 -0.9651 -0.0590
vn -0.0643 0.9973 0.0351
vn 0.9581 0.2616 -0.1171
vn 0.4360 -0.8963 -0.0806
vn 0.8892 0.4458 -0.1033
vn 0.6007 -0.7933 -0.0992
vn 0.7859 0.6125 -0.0854
vn 0.7428 -0.6597 -0.1140
vn 0.6524 0.7551 -0.0643
vn 0.8567 -0.5005 -0.1245
vn 0.4349 -0.9005 0.0023
vn 0.8854 0.4320 0.1716
vn 0.5989 -0.8000 0.0356
vn 0.7824 0.5998 0.1677
vn 0.7403 -0.6688 0.0676
vn 0.6494 0.7440 0.1573
vn 0.8537 -0.5117 0.0971
vn 0.4917 0.8593 0.1409
vn 0.9344 -0.3344 0.1229
vn 0.3155 0.9414 0.1191
vn 0.9791 -0.1438 0.1440
vn 0.1277 0.9875 0.0929
vn 0.9858 0.0527 0.1595
vn 0.2546 -0.9666 -0.0310
vn -0.0647 0.9959 0.0631
vn 0.9541 0.2472 0.1688
vn 0.8691 -0.3409 0.3585
vn 0.2933 0.9231 0.2486
vn 0.9042 -0.1570 0.3972
vn 0.1153 0.9781 0.1734
vn 0.9064 0.0313 0.4214
vn 0.2505 -0.9681 -0.0036
vn -0.0687 0.9935 0.0905
vn 0.8760 0.2179 0.4303
vn 0.4214 -0.9030 0.0831
vn 0.8140 0.3971 0.4238
vn 0.5740 -0.8019 0.1658
vn 0.7220 0.5633 0.4018
vn 0.7021 -0.6701 0.2410
vn 0.6021 0.7103 0.3647
vn 0.8013 -0.5141 0.3059
vn 0.4576 0.8322 0.3131
vn 0.6970 0.3508 0.6255
vn 0.5290 -0.7998 0.2836
vn 0.6209 0.5126 0.5931
vn 0.6347 -0.6654 0.3930
vn 0.5208 0.6619 0.5391
vn 0.7116 -0.5104 0.4829
vn 0.3975 0.7923 0.4629
vn 0.7601 -0.3429 0.5520
vn 0.2531 0.8960 0.3649
vn 0.7815 -0.1690 0.6005
vn 0.0925 0.9644 0.2476
vn 0.7775 0.0067 0.6288
vn 0.2428 -0.9698 0.0220
vn -0.0762 0.9903 0.1161
vn 0.7492 0.1810 0.6372
vn 0.3966 -0.9043 0.1580
vn 0.1984 0.8639 0.4630
vn 0.6382 -0.1807 0.7483
vn 0.0605 0.9480 0.3125
vn 0.6288 -0.0180 0.7774
vn 0.2318 -0.9717 0.0450
vn -0.0868 0.9865 0.1390
vn 0.6026 0.1434 0.7851
vn 0.3620 -0.9049 0.2236
vn 0.5596 0.3027 0.7715
vn 0.4685 -0.7960 0.3833
vn 0.4990 0.4587 0.7353
vn 0.5477 -0.6584 0.5163
vn 0.4193 0.6086 0.6737
vn 0.6005 -0.5047 0.6203
vn 0.3191 0.7467 0.5837
vn 0.6296 -0.3437 0.6968
vn 0.3706 0.4086 0.8341
vn 0.4501 -0.6525 0.6096
vn 0.3085 0.5577 0.7706
vn 0.4807 -0.5008 0.7199
vn 0.2298 0.7015 0.6746
vn 0.4934 -0.3463 0.7979
vn 0.1334 0.8308 0.5403
vn 0.4919 -0.1929 0.8490
vn 0.0210 0.9304 0.3659
vn 0.4785 -0.0414 0.8771
vn 0.2181 -0.9738 0.0644
vn -0.1002 0.9823 0.1582
vn 0.4541 0.1087 0.8843
vn 0.3198 -0.9058 0.2778
vn 0.4185 0.2585 0.8706
vn 0.3975 -0.7925 0.4625
vn -0.0243 0.9134 0.4064
vn 0.3339 -0.0636 0.9405
vn 0.2021 -0.9761 0.0795
vn -0.1158 0.9780 0.1732
vn 0.3108 0.0780 0.9473
vn 0.2720 -0.9079 0.3190
vn 0.2808 0.2205 0.9341
vn 0.3203 -0.7916 0.5204
vn 0.2426 0.3655 0.8986
vn 0.3480 -0.6504 0.6752
vn 0.1946 0.5134 0.8358
vn 0.3597 -0.5010 0.7872
vn 0.1346 0.6611 0.7381
vn 0.3594 -0.3521 0.8642
vn 0.0613 0.8001 0.5967
vn 0.3502 -0.2064 0.9136
vn 0.2451 -0.6537 0.7160
vn 0.0805 0.4773 0.8750
vn 0.2406 -0.5068 0.8278
vn 0.0366 0.6279 0.7775
vn 0.2298 -0.3622 0.9033
vn -0.0154 0.7740 0.6329
vn 0.2146 -0.2219 0.9512
vn -0.0737 0.8983 0.4332
vn 0.1959 -0.0849 0.9769
vn 0.1846 -0.9787 0.0897
vn -0.1331 0.9740 0.1834
vn 0.1738 0.0510 0.9835
vn 0.2208 -0.9117 0.3464
vn 0.1478 0.1887 0.9708
vn 0.2399 -0.7946 0.5577
vn 0.1171 0.3304 0.9366
vn 0.0628 -0.1059 0.9924
vn 0.1662 -0.9815 0.0947
vn -0.1514 0.9704 0.1883
vn 0.0411 0.0273 0.9988
vn 0.1678 -0.9179 0.3596
vn 0.0182 0.1627 0.9865
vn 0.1586 -0.8025 0.5752
vn -0.0064 0.3031 0.9530
vn 0.1429 -0.6633 0.7346
vn -0.0335 0.4501 0.8923
vn 0.1242 -0.5187 0.8459
vn -0.0631 0.6029 0.7953
vn 0.1042 -0.3770 0.9203
vn -0.0947 0.7541 0.6499
vn 0.0837 -0.2398 0.9672
vn -0.1257 0.8861 0.4461
vn 0.0144 -0.9495 0.3134
vn -0.5182 -0.5293 0.6717
vn -0.1187 -0.9904 0.0713
vn -0.8140 -0.3972 -0.4238
vn -0.6288 0.0180 -0.7773
vn -0.4185 -0.2585 -0.8707
vn 0.1002 -0.9823 -0.1583
vn -0.3084 -0.5577 -0.7706
vn 0.5182 0.5293 -0.6717
vn 0.8691 -0.3409 0.3584
vn 0.8140 0.3972 0.4238
vn 0.4185 0.2585 0.8707
vt 0.750000 0.062500
vt 0.750000 0.125000
vt 0.718750 0.125000
vt 0.718750 0.062500
vt 0.750000 0.500000
vt 0.750000 0.562500
vt 0.718750 0.562500
vt 0.718750 0.500000
vt 0.750000 0.937500
vt 0.734375 1.000000
vt 0.718750 0.937500
vt 0.734375 0.000000
vt 0.750000 0.437500
vt 0.718750 0.437500
vt 0.750000 0.875000
vt 0.718750 0.875000
vt 0.750000 0.375000
vt 0.718750 0.375000
vt 0.750000 0.812500
vt 0.718750 0.812500
vt 0.750000 0.312500
vt 0.718750 0.312500
vt 0.750000 0.750000
vt 0.718750 0.750000
vt 0.750000 0.250000
vt 0.718750 0.250000
vt 0.750000 0.687500
vt 0.718750 0.687500
vt 0.750000 0.187500
vt 0.718750 0.187500
vt 0.750000 0.625000
vt 0.718750 0.625000
vt 0.687500 0.187500
vt 0.687500 0.125000
vt 0.687500 0.625000
vt 0.687500 0.562500
vt 0.687500 0.062500
vt 0.687500 0.500000
vt 0.703125 1.000000
vt 0.687500 0.937500
vt 0.703125 0.000000
vt 0.687500 0.437500
vt 0.687500 0.875000
vt 0.687500 0.375000
vt 0.687500 0.812500
vt 0.687500 0.312500
vt 0.687500 0.750000
vt 0.687500 0.250000
vt 0.687500 0.687500
vt 0.656250 0.875000
vt 0.656250 0.812500
vt 0.656250 0.375000
vt 0.656250 0.312500
vt 0.656250 0.750000
vt 0.656250 0.250000
vt 0.656250 0.687500
vt 0.656250 0.187500
vt 0.656250 0.625000
vt 0.656250 0.125000
vt 0.656250 0.562500
vt 0.656250 0.062500
vt 0.656250 0.500000
vt 0.671875 1.000000
vt 0.656250 0.937500
vt 0.671875 0.000000
vt 0.656250 0.437500
vt 0.625000 0.625000
vt 0.625000 0.562500
vt 0.625000 0.125000
vt 0.625000 0.062500
vt 0.625000 0.500000
vt 0.640625 1.000000
vt 0.625000 0.937500
vt 0.640625 0.000000
vt 0.625000 0.437500
vt 0.625000 0.875000
vt 0.625000 0.375000
vt 0.625000 0.812500
vt 0.625000 0.312500
vt 0.625000 0.750000
vt 0.625000 0.250000
vt 0.625000 0.687500
vt 0.625000 0.187500
vt 0.593750 0.375000
vt 0.593750 0.312500
vt 0.593750 0.812500
vt 0.593750 0.750000
vt 0.593750 0.250000
vt 0.593750 0.687500
vt 0.593750 0.187500
vt 0.593750 0.625000
vt 0.593750 0.125000
vt 0.593750 0.562500
vt 0.593750 0.062500
vt 0.593750 0.500000
vt 0.609375 1.000000
vt 0.593750 0.937500
vt 0.609375 0.000000
vt 0.593750 0.437500
vt 0.593750 0.875000
vt 0.562500 0.125000
vt 0.562500 0.062500
vt 0.562500 0.562500
vt 0.562500 0.500000
vt 0.578125 1.000000
vt 0.562500 0.937500
vt 0.578125 0.000000
vt 0.562500 0.437500
vt 0.562500 0.875000
vt 0.562500 0.375000
vt 0.562500 0.812500
vt 0.562500 0.312500
vt 0.562500 0.750000
vt 0.562500 0.250000
vt 0.562500 0.687500
vt 0.562500 0.187500
vt 0.562500 0.625000
vt 0.531250 0.812500
vt 0.531250 0.750000
vt 0.531250 0.312500
vt 0.531250 0.250000
vt 0.531250 0.687500
vt 0.531250 0.187500
vt 0.531250 0.625000
vt 0.531250 0.125000
vt 0.531250 0.562500
vt 0.531250 0.062500
vt 0.531250 0.500000
vt 0.546875 1.000000
vt 0.531250 0.937500
vt 0.546875 0.000000
vt 0.531250 0.437500
vt 0.531250 0.875000
vt 0.531250 0.375000
vt 0.500000 0.562500
vt 0.500000 0.500000
vt 0.515625 1.000000
vt 0.500000 0.937500
vt 0.515625 0.000000
vt 0.500000 0.062500
vt 0.500000 0.437500
vt 0.500000 0.875000
vt 0.500000 0.375000
vt 0.500000 0.812500
vt 0.500000 0.312500
vt 0.500000 0.750000
vt 0.500000 0.250000
vt 0.500000 0.687500
vt 0.500000 0.187500
vt 0.500000 0.625000
vt 0.500000 0.125000
vt 0.468750 0.312500
vt 0.468750 0.250000
vt 0.468750 0.750000
vt 0.468750 0.687500
vt 0.468750 0.187500
vt 0.468750 0.625000
vt 0.468750 0.125000
vt 0.468750 0.562500
vt 0.468750 0.062500
vt 0.468750 0.500000
vt 0.484375 1.000000
vt 0.468750 0.937500
vt 0.484375 0.000000
vt 0.468750 0.437500
vt 0.468750 0.875000
vt 0.468750 0.375000
vt 0.468750 0.812500
vt 0.453125 0.000000
vt 0.437500 0.062500
vt 0.437500 0.500000
vt 0.437500 0.437500
vt 0.437500 0.937500
vt 0.437500 0.875000
vt 0.437500 0.375000
vt 0.437500 0.812500
vt 0.437500 0.312500
vt 0.437500 0.750000
vt 0.437500 0.250000
vt 0.437500 0.687500
vt 0.437500 0.187500
vt 0.437500 0.625000
vt 0.437500 0.125000
vt 0.437500 0.562500
vt 0.453125 1.000000
vt 0.406250 0.250000
vt 0.406250 0.187500
vt 0.406250 0.687500
vt 0.406250 0.625000
vt 0.406250 0.125000
vt 0.406250 0.562500
vt 0.406250 0.062500
vt 0.406250 0.500000
vt 0.421875 1.000000
vt 0.406250 0.937500
vt 0.421875 0.000000
vt 0.406250 0.437500
vt 0.406250 0.875000
vt 0.406250 0.375000
vt 0.406250 0.812500
vt 0.406250 0.312500
vt 0.406250 0.750000
vt 0.375000 0.937500
vt 0.375000 0.875000
vt 0.375000 0.437500
vt 0.375000 0.375000
vt 0.375000 0.812500
vt 0.375000 0.312500
vt 0.375000 0.750000
vt 0.375000 0.250000
vt 0.375000 0.687500
vt 0.375000 0.187500
vt 0.375000 0.625000
vt 0.375000 0.125000
vt 0.375000 0.562500
vt 0.375000 0.062500
vt 0.375000 0.500000
vt 0.390625 1.000000
vt 0.390625 0.000000
vt 0.343750 0.687500
vt 0.343750 0.625000
vt 0.343750 0.187500
vt 0.343750 0.125000
vt 0.343750 0.562500
vt 0.343750 0.062500
vt 0.343750 0.500000
vt 0.359375 1.000000
vt 0.343750 0.937500
vt 0.359375 0.000000
vt 0.343750 0.437500
vt 0.343750 0.875000
vt 0.343750 0.375000
vt 0.343750 0.812500
vt 0.343750 0.312500
vt 0.343750 0.750000
vt 0.343750 0.250000
vt 0.312500 0.437500
vt 0.312500 0.375000
vt 0.312500 0.875000
vt 0.312500 0.812500
vt 0.312500 0.312500
vt 0.312500 0.750000
vt 0.312500 0.250000
vt 0.312500 0.687500
vt 0.312500 0.187500
vt 0.312500 0.625000
vt 0.312500 0.125000
vt 0.312500 0.562500
vt 0.312500 0.062500
vt 0.312500 0.500000
vt 0.328125 1.000000
vt 0.312500 0.937500
vt 0.328125 0.000000
vt 0.281250 0.187500
vt 0.281250 0.125000
vt 0.281250 0.625000
vt 0.281250 0.562500
vt 0.281250 0.062500
vt 0.281250 0.500000
vt 0.296875 1.000000
vt 0.281250 0.937500
vt 0.296875 0.000000
vt 0.281250 0.437500
vt 0.281250 0.875000
vt 0.281250 0.375000
vt 0.281250 0.812500
vt 0.281250 0.312500
vt 0.281250 0.750000
vt 0.281250 0.250000
vt 0.281250 0.687500
vt 0.250000 0.875000
vt 0.250000 0.812500
vt 0.250000 0.375000
vt 0.250000 0.312500
vt 0.250000 0.750000
vt 0.250000 0.250000
vt 0.250000 0.687500
vt 0.250000 0.187500
vt 0.250000 0.625000
vt 0.250000 0.125000
vt 0.250000 0.562500
vt 0.250000 0.062500
vt 0.250000 0.500000
vt 0.265625 1.000000
vt 0.250000 0.937500
vt 0.265625 0.000000
vt 0.250000 0.437500
vt 0.218750 0.625000
vt 0.218750 0.562500
vt 0.218750 0.125000
vt 0.218750 0.062500
vt 0.218750 0.500000
vt 0.234375 1.000000
vt 0.218750 0.937500
vt 0.234375 0.000000
vt 0.218750 0.437500
vt 0.218750 0.875000
vt 0.218750 0.375000
vt 0.218750 0.812500
vt 0.218750 0.312500
vt 0.218750 0.750000
vt 0.218750 0.250000
vt 0.218750 0.687500
vt 0.218750 0.187500
vt 0.187500 0.375000
vt 0.187500 0.312500
vt 0.187500 0.812500
vt 0.187500 0.750000
vt 0.187500 0.250000
vt 0.187500 0.687500
vt 0.187500 0.187500
vt 0.187500 0.625000
vt 0.187500 0.125000
vt 0.187500 0.562500
vt 0.187500 0.062500
vt 0.187500 0.500000
vt 0.203125 1.000000
vt 0.187500 0.937500
vt 0.203125 0.000000
vt 0.187500 0.437500
vt 0.187500 0.875000
vt 0.156250 0.125000
vt 0.156250 0.062500
vt 0.156250 0.562500
vt 0.156250 0.500000
vt 0.171875 1.000000
vt 0.156250 0.937500
vt 0.171875 0.000000
vt 0.156250 0.437500
vt 0.156250 0.875000
vt 0.156250 0.375000
vt 0.156250 0.812500
vt 0.156250 0.312500
vt 0.156250 0.750000
vt 0.156250 0.250000
vt 0.156250 0.687500
vt 0.156250 0.187500
vt 0.156250 0.625000
vt 0.125000 0.312500
vt 0.125000 0.250000
vt 0.125000 0.750000
vt 0.125000 0.687500
vt 0.125000 0.187500
vt 0.125000 0.625000
vt 0.125000 0.125000
vt 0.125000 0.562500
vt 0.125000 0.062500
vt 0.125000 0.500000
vt 0.140625 1.000000
vt 0.125000 0.937500
vt 0.140625 0.000000
vt 0.125000 0.437500
vt 0.125000 0.875000
vt 0.125000 0.375000
vt 0.125000 0.812500
vt 0.109375 1.000000
vt 0.093750 0.937500
vt 0.109375 0.000000
vt 0.093750 0.062500
vt 0.093750 0.500000
vt 0.093750 0.437500
vt 0.093750 0.875000
vt 0.093750 0.375000
vt 0.093750 0.812500
vt 0.093750 0.312500
vt 0.093750 0.750000
vt 0.093750 0.250000
vt 0.093750 0.687500
vt 0.093750 0.187500
vt 0.093750 0.625000
vt 0.093750 0.125000
vt 0.093750 0.562500
vt 0.062500 0.750000
vt 0.062500 0.687500
vt 0.062500 0.250000
vt 0.062500 0.187500
vt 0.062500 0.625000
vt 0.062500 0.125000
vt 0.062500 0.562500
vt 0.062500 0.062500
vt 0.062500 0.500000
vt 0.078125 1.000000
vt 0.062500 0.937500
vt 0.078125 0.000000
vt 0.062500 0.437500
vt 0.062500 0.875000
vt 0.062500 0.375000
vt 0.062500 0.812500
vt 0.062500 0.312500
vt 0.031250 0.500000
vt 0.031250 0.437500
vt 0.031250 0.937500
vt 0.031250 0.875000
vt 0.031250 0.375000
vt 0.031250 0.812500
vt 0.031250 0.312500
vt 0.031250 0.750000
vt 0.031250 0.250000
vt 0.031250 0.687500
vt 0.031250 0.187500
vt 0.031250 0.625000
vt 0.031250 0.125000
vt 0.031250 0.562500
vt 0.031250 0.062500
vt 0.046875 1.000000
vt 0.046875 0.000000
vt 0.000000 0.250000
vt 0.000000 0.187500
vt 0.000000 0.687500
vt 0.000000 0.625000
vt 0.000000 0.125000
vt 0.000000 0.562500
vt 0.000000 0.062500
vt 0.000000 0.500000
vt 0.015625 1.000000
vt 0.000000 0.937500
vt 0.015625 0.000000
vt 0.000000 0.437500
vt 0.000000 0.875000
vt 0.000000 0.375000
vt 0.000000 0.812500
vt 0.000000 0.312500
vt 0.000000 0.750000
vt 1.000000 0.875000
vt 1.000000 0.937500
vt 0.968750 0.937500
vt 0.968750 0.875000
vt 1.000000 0.375000
vt 1.000000 0.437500
vt 0.968750 0.437500
vt 0.968750 0.375000
vt 1.000000 0.812500
vt 0.968750 0.812500
vt 1.000000 0.312500
vt 0.968750 0.312500
vt 1.000000 0.750000
vt 0.968750 0.750000
vt 1.000000 0.250000
vt 0.968750 0.250000
vt 1.000000 0.687500
vt 0.968750 0.687500
vt 1.000000 0.187500
vt 0.968750 0.187500
vt 1.000000 0.625000
vt 0.968750 0.625000
vt 1.000000 0.125000
vt 0.968750 0.125000
vt 1.000000 0.562500
vt 0.968750 0.562500
vt 1.000000 0.062500
vt 0.968750 0.062500
vt 1.000000 0.500000
vt 0.968750 0.500000
vt 0.984375 1.000000
vt 0.984375 0.000000
vt 0.937500 0.687500
vt 0.937500 0.625000
vt 0.937500 0.187500
vt 0.937500 0.125000
vt 0.937500 0.562500
vt 0.937500 0.062500
vt 0.937500 0.500000
vt 0.953125 1.000000
vt 0.937500 0.937500
vt 0.953125 0.000000
vt 0.937500 0.437500
vt 0.937500 0.875000
vt 0.937500 0.375000
vt 0.937500 0.812500
vt 0.937500 0.312500
vt 0.937500 0.750000
vt 0.937500 0.250000
vt 0.906250 0.437500
vt 0.906250 0.375000
vt 0.906250 0.875000
vt 0.906250 0.812500
vt 0.906250 0.312500
vt 0.906250 0.750000
vt 0.906250 0.250000
vt 0.906250 0.687500
vt 0.906250 0.187500
vt 0.906250 0.625000
vt 0.906250 0.125000
vt 0.906250 0.562500
vt 0.906250 0.062500
vt 0.906250 0.500000
vt 0.921875 1.000000
vt 0.906250 0.937500
vt 0.921875 0.000000
vt 0.875000 0.187500
vt 0.875000 0.125000
vt 0.875000 0.625000
vt 0.875000 0.562500
vt 0.875000 0.062500
vt 0.875000 0.500000
vt 0.890625 1.000000
vt 0.875000 0.937500
vt 0.890625 0.000000
vt 0.875000 0.437500
vt 0.875000 0.875000
vt 0.875000 0.375000
vt 0.875000 0.812500
vt 0.875000 0.312500
vt 0.875000 0.750000
vt 0.875000 0.250000
vt 0.875000 0.687500
vt 0.843750 0.375000
vt 0.843750 0.312500
vt 0.843750 0.812500
vt 0.843750 0.750000
vt 0.843750 0.250000
vt 0.843750 0.687500
vt 0.843750 0.187500
vt 0.843750 0.625000
vt 0.843750 0.125000
vt 0.843750 0.562500
vt 0.843750 0.062500
vt 0.843750 0.500000
vt 0.859375 1.000000
vt 0.843750 0.937500
vt 0.859375 0.000000
vt 0.843750 0.437500
vt 0.843750 0.875000
vt 0.812500 0.125000
vt 0.812500 0.062500
vt 0.812500 0.562500
vt 0.812500 0.500000
vt 0.828125 1.000000
vt 0.812500 0.937500
vt 0.828125 0.000000
vt 0.812500 0.437500
vt 0.812500 0.875000
vt 0.812500 0.375000
vt 0.812500 0.812500
vt 0.812500 0.312500
vt 0.812500 0.750000
vt 0.812500 0.250000
vt 0.812500 0.687500
vt 0.812500 0.187500
vt 0.812500 0.625000
vt 0.781250 0.812500
vt 0.781250 0.750000
vt 0.781250 0.312500
vt 0.781250 0.250000
vt 0.781250 0.687500
vt 0.781250 0.187500
vt 0.781250 0.625000
vt 0.781250 0.125000
vt 0.781250 0.562500
vt 0.781250 0.062500
vt 0.781250 0.500000
vt 0.796875 1.000000
vt 0.781250 0.937500
vt 0.796875 0.000000
vt 0.781250 0.437500
vt 0.781250 0.875000
vt 0.781250 0.375000
vt 0.765625 1.000000
vt 0.765625 0.000000
s 0
usemtl Material.001
f 1568/811/916 1109/814/916 1108/813/916 1567/812/916
f 1091/815/917 1102/818/917 1101/817/917 1090/816/917
f 1560/819/918 1095/821/918 1087/820/918
f 1094/822/919 1109/814/919 1568/811/919
f 1092/823/920 1103/824/920 1102/818/920 1091/815/920
f 1561/825/921 1096/826/921 1095/821/921 1560/819/921
f 1564/827/922 1104/828/922 1103/824/922 1092/823/922
f 1088/829/923 1097/830/923 1096/826/923 1561/825/923
f 1093/831/924 1105/832/924 1104/828/924 1564/827/924
f 1562/833/925 1098/834/925 1097/830/925 1088/829/925
f 1565/835/926 1106/836/926 1105/832/926 1093/831/926
f 1089/837/927 1099/838/927 1098/834/927 1562/833/927
f 1566/839/928 1107/840/928 1106/836/928 1565/835/928
f 1563/841/929 1100/842/929 1099/838/929 1089/837/929
f 1567/812/930 1108/813/930 1107/840/930 1566/839/930
f 1090/816/931 1101/817/931 1100/842/931 1563/841/931
f 1108/813/932 1123/844/932 1122/843/932 1107/840/932
f 1101/817/933 1116/846/933 1115/845/933 1100/842/933
f 1109/814/934 1124/847/934 1123/844/934 1108/813/934
f 1102/818/935 1117/848/935 1116/846/935 1101/817/935
f 1095/821/936 1110/850/936 1087/849/936
f 1094/851/937 1124/847/937 1109/814/937
f 1103/824/938 1118/852/938 1117/848/938 1102/818/938
f 1096/826/939 1111/853/939 1110/850/939 1095/821/939
f 1104/828/940 1119/854/940 1118/852/940 1103/824/940
f 1097/830/941 1112/855/941 1111/853/941 1096/826/941
f 1105/832/942 1120/856/942 1119/854/942 1104/828/942
f 1098/834/943 1113/857/943 1112/855/943 1097/830/943
f 1106/836/944 1121/858/944 1120/856/944 1105/832/944
f 1099/838/945 1114/859/945 1113/857/945 1098/834/945
f 1107/840/946 1122/843/946 1121/858/946 1106/836/946
f 1100/842/947 1115/845/947 1114/859/947 1099/838/947
f 1112/855/948 1127/861/948 1126/860/948 1111/853/948
f 1120/856/949 1135/863/949 1134/862/949 1119/854/949
f 1113/857/950 1128/864/950 1127/861/950 1112/855/950
f 1121/858/951 1136/865/951 1135/863/951 1120/856/951
f 1114/859/952 1129/866/952 1128/864/952 1113/857/952
f 1122/843/953 1137/867/953 1136/865/953 1121/858/953
f 1115/845/954 1130/868/954 1129/866/954 1114/859/954
f 1123/844/955 1138/869/955 1137/867/955 1122/843/955
f 1116/846/956 1131/870/956 1130/868/956 1115/845/956
f 1124/847/957 1139/871/957 1138/869/957 1123/844/957
f 1117/848/958 1132/872/958 1131/870/958 1116/846/958
f 1110/850/959 1125/874/959 1087/873/959
f 1094/875/960 1139/871/960 1124/847/960
f 1118/852/961 1133/876/961 1132/872/961 1117/848/961
f 1111/853/962 1126/860/962 1125/874/962 1110/850/962
f 1119/854/963 1134/862/963 1133/876/963 1118/852/963
f 1131/870/964 1146/878/964 1145/877/964 1130/868/964
f 1139/871/965 1154/880/965 1153/879/965 1138/869/965
f 1132/872/966 1147/881/966 1146/878/966 1131/870/966
f 1125/874/967 1140/883/967 1087/882/967
f 1094/884/968 1154/880/968 1139/871/968
f 1133/876/969 1148/885/969 1147/881/969 1132/872/969
f 1126/860/970 1141/886/970 1140/883/970 1125/874/970
f 1134/862/971 1149/887/971 1148/885/971 1133/876/971
f 1127/861/972 1142/888/972 1141/886/972 1126/860/972
f 1135/863/973 1150/889/973 1149/887/973 1134/862/973
f 1128/864/974 1143/890/974 1142/888/974 1127/861/974
f 1136/865/975 1151/891/975 1150/889/975 1135/863/975
f 1129/866/976 1144/892/976 1143/890/976 1128/864/976
f 1137/867/977 1152/893/977 1151/891/977 1136/865/977
f 1130/868/978 1145/877/978 1144/892/978 1129/866/978
f 1138/869/979 1153/879/979 1152/893/979 1137/867/979
f 1150/889/980 1165/895/980 1164/894/980 1149/887/980
f 1143/890/981 1158/897/981 1157/896/981 1142/888/981
f 1151/891/982 1166/898/982 1165/895/982 1150/889/982
f 1144/892/983 1159/899/983 1158/897/983 1143/890/983
f 1152/893/984 1167/900/984 1166/898/984 1151/891/984
f 1145/877/985 1160/901/985 1159/899/985 1144/892/985
f 1153/879/986 1168/902/986 1167/900/986 1152/893/986
f 1146/878/987 1161/903/987 1160/901/987 1145/877/987
f 1154/880/988 1169/904/988 1168/902/988 1153/879/988
f 1147/881/989 1162/905/989 1161/903/989 1146/878/989
f 1140/883/990 1155/907/990 1087/906/990
f 1094/908/991 1169/904/991 1154/880/991
f 1148/885/992 1163/909/992 1162/905/992 1147/881/992
f 1141/886/993 1156/910/993 1155/907/993 1140/883/993
f 1149/887/994 1164/894/994 1163/909/994 1148/885/994
f 1142/888/995 1157/896/995 1156/910/995 1141/886/995
f 1169/904/996 1184/912/996 1183/911/996 1168/902/996
f 1162/905/997 1177/914/997 1176/913/997 1161/903/997
f 1155/907/998 1170/916/998 1087/915/998
f 1094/917/999 1184/912/999 1169/904/999
f 1163/909/1000 1178/918/1000 1177/914/1000 1162/905/1000
f 1156/910/1001 1171/919/1001 1170/916/1001 1155/907/1001
f 1164/894/1002 1179/920/1002 1178/918/1002 1163/909/1002
f 1157/896/1003 1172/921/1003 1171/919/1003 1156/910/1003
f 1165/895/1004 1180/922/1004 1179/920/1004 1164/894/1004
f 1158/897/1005 1173/923/1005 1172/921/1005 1157/896/1005
f 1166/898/1006 1181/924/1006 1180/922/1006 1165/895/1006
f 1159/899/1007 1174/925/1007 1173/923/1007 1158/897/1007
f 1167/900/1008 1182/926/1008 1181/924/1008 1166/898/1008
f 1160/901/1009 1175/927/1009 1174/925/1009 1159/899/1009
f 1168/902/1010 1183/911/1010 1182/926/1010 1167/900/1010
f 1161/903/1011 1176/913/1011 1175/927/1011 1160/901/1011
f 1173/923/1012 1188/929/1012 1187/928/1012 1172/921/1012
f 1181/924/1013 1196/931/1013 1195/930/1013 1180/922/1013
f 1174/925/1014 1189/932/1014 1188/929/1014 1173/923/1014
f 1182/926/1015 1197/933/1015 1196/931/1015 1181/924/1015
f 1175/927/1016 1190/934/1016 1189/932/1016 1174/925/1016
f 1183/911/1017 1198/935/1017 1197/933/1017 1182/926/1017
f 1176/913/1018 1191/936/1018 1190/934/1018 1175/927/1018
f 1184/912/1019 1199/937/1019 1198/935/1019 1183/911/1019
f 1177/914/1020 1192/938/1020 1191/936/1020 1176/913/1020
f 1170/916/1021 1185/940/1021 1087/939/1021
f 1094/941/1022 1199/937/1022 1184/912/1022
f 1178/918/1023 1193/942/1023 1192/938/1023 1177/914/1023
f 1171/919/1024 1186/943/1024 1185/940/1024 1170/916/1024
f 1179/920/1025 1194/944/1025 1193/942/1025 1178/918/1025
f 1172/921/1026 1187/928/1026 1186/943/1026 1171/919/1026
f 1180/922/1027 1195/930/1027 1194/944/1027 1179/920/1027
f 1192/938/1028 1207/946/1028 1206/945/1028 1191/936/1028
f 1185/940/1029 1200/948/1029 1087/947/1029
f 1094/949/1030 1214/950/1030 1199/937/1030
f 1193/942/1031 1208/951/1031 1207/946/1031 1192/938/1031
f 1186/943/1032 1201/952/1032 1200/948/1032 1185/940/1032
f 1194/944/1033 1209/953/1033 1208/951/1033 1193/942/1033
f 1187/928/1034 1202/954/1034 1201/952/1034 1186/943/1034
f 1195/930/1035 1210/955/1035 1209/953/1035 1194/944/1035
f 1188/929/1036 1203/956/1036 1202/954/1036 1187/928/1036
f 1196/931/1037 1211/957/1037 1210/955/1037 1195/930/1037
f 1189/932/1038 1204/958/1038 1203/956/1038 1188/929/1038
f 1197/933/1039 1212/959/1039 1211/957/1039 1196/931/1039
f 1190/934/1040 1205/960/1040 1204/958/1040 1189/932/1040
f 1198/935/1041 1213/961/1041 1212/959/1041 1197/933/1041
f 1191/936/1042 1206/945/1042 1205/960/1042 1190/934/1042
f 1199/937/1043 1214/950/1043 1213/961/1043 1198/935/1043
f 1211/957/1044 1226/963/1044 1225/962/1044 1210/955/1044
f 1204/958/1045 1219/965/1045 1218/964/1045 1203/956/1045
f 1212/959/1046 1227/966/1046 1226/963/1046 1211/957/1046
f 1205/960/1047 1220/967/1047 1219/965/1047 1204/958/1047
f 1213/961/1048 1228/968/1048 1227/966/1048 1212/959/1048
f 1206/945/1049 1221/969/1049 1220/967/1049 1205/960/1049
f 1214/950/1050 1229/970/1050 1228/968/1050 1213/961/1050
f 1207/946/1051 1222/971/1051 1221/969/1051 1206/945/1051
f 1200/948/1052 1215/973/1052 1087/972/1052
f 1094/974/1053 1229/970/1053 1214/950/1053
f 1208/951/1054 1223/975/1054 1222/971/1054 1207/946/1054
f 1201/952/1055 1216/976/1055 1215/973/1055 1200/948/1055
f 1209/953/1056 1224/977/1056 1223/975/1056 1208/951/1056
f 1202/954/1057 1217/978/1057 1216/976/1057 1201/952/1057
f 1210/955/1058 1225/962/1058 1224/977/1058 1209/953/1058
f 1203/956/1059 1218/964/1059 1217/978/1059 1202/954/1059
f 1094/979/1060 1244/980/1060 1229/970/1060
f 1223/975/1061 1238/982/1061 1237/981/1061 1222/971/1061
f 1216/976/1062 1231/984/1062 1230/983/1062 1215/973/1062
f 1224/977/1063 1239/985/1063 1238/982/1063 1223/975/1063
f 1217/978/1064 1232/986/1064 1231/984/1064 1216/976/1064
f 1225/962/1065 1240/987/1065 1239/985/1065 1224/977/1065
f 1218/964/1066 1233/988/1066 1232/986/1066 1217/978/1066
f 1226/963/1067 1241/989/1067 1240/987/1067 1225/962/1067
f 1219/965/1068 1234/990/1068 1233/988/1068 1218/964/1068
f 1227/966/1069 1242/991/1069 1241/989/1069 1226/963/1069
f 1220/967/1070 1235/992/1070 1234/990/1070 1219/965/1070
f 1228/968/1071 1243/993/1071 1242/991/1071 1227/966/1071
f 1221/969/1072 1236/994/1072 1235/992/1072 1220/967/1072
f 1229/970/1073 1244/980/1073 1243/993/1073 1228/968/1073
f 1222/971/1074 1237/981/1074 1236/994/1074 1221/969/1074
f 1215/973/1075 1230/983/1075 1087/995/1075
f 1242/991/1076 1257/997/1076 1256/996/1076 1241/989/1076
f 1235/992/1077 1250/999/1077 1249/998/1077 1234/990/1077
f 1243/993/1078 1258/1000/1078 1257/997/1078 1242/991/1078
f 1236/994/1079 1251/1001/1079 1250/999/1079 1235/992/1079
f 1244/980/1080 1259/1002/1080 1258/1000/1080 1243/993/1080
f 1237/981/1081 1252/1003/1081 1251/1001/1081 1236/994/1081
f 1230/983/1082 1245/1005/1082 1087/1004/1082
f 1094/1006/1083 1259/1002/1083 1244/980/1083
f 1238/982/1084 1253/1007/1084 1252/1003/1084 1237/981/1084
f 1231/984/1085 1246/1008/1085 1245/1005/1085 1230/983/1085
f 1239/985/1086 1254/1009/1086 1253/1007/1086 1238/982/1086
f 1232/986/1087 1247/1010/1087 1246/1008/1087 1231/984/1087
f 1240/987/1088 1255/1011/1088 1254/1009/1088 1239/985/1088
f 1233/988/1089 1248/1012/1089 1247/1010/1089 1232/986/1089
f 1241/989/1090 1256/996/1090 1255/1011/1090 1240/987/1090
f 1234/990/1091 1249/998/1091 1248/1012/1091 1233/988/1091
f 1246/1008/1092 1261/1014/1092 1260/1013/1092 1245/1005/1092
f 1254/1009/1093 1269/1016/1093 1268/1015/1093 1253/1007/1093
f 1247/1010/1094 1262/1017/1094 1261/1014/1094 1246/1008/1094
f 1255/1011/1095 1270/1018/1095 1269/1016/1095 1254/1009/1095
f 1248/1012/1096 1263/1019/1096 1262/1017/1096 1247/1010/1096
f 1256/996/1097 1271/1020/1097 1270/1018/1097 1255/1011/1097
f 1249/998/1098 1264/1021/1098 1263/1019/1098 1248/1012/1098
f 1257/997/1099 1272/1022/1099 1271/1020/1099 1256/996/1099
f 1250/999/1100 1265/1023/1100 1264/1021/1100 1249/998/1100
f 1258/1000/1101 1273/1024/1101 1272/1022/1101 1257/997/1101
f 1251/1001/1102 1266/1025/1102 1265/1023/1102 1250/999/1102
f 1259/1002/1103 1274/1026/1103 1273/1024/1103 1258/1000/1103
f 1252/1003/1104 1267/1027/1104 1266/1025/1104 1251/1001/1104
f 1245/1005/1105 1260/1013/1105 1087/1028/1105
f 1094/1029/1106 1274/1026/1106 1259/1002/1106
f 1253/1007/1107 1268/1015/1107 1267/1027/1107 1252/1003/1107
f 1265/1023/1108 1280/1031/1108 1279/1030/1108 1264/1021/1108
f 1273/1024/1109 1288/1033/1109 1287/1032/1109 1272/1022/1109
f 1266/1025/1110 1281/1034/1110 1280/1031/1110 1265/1023/1110
f 1274/1026/1111 1289/1035/1111 1288/1033/1111 1273/1024/1111
f 1267/1027/1112 1282/1036/1112 1281/1034/1112 1266/1025/1112
f 1260/1013/1113 1275/1038/1113 1087/1037/1113
f 1094/1039/1114 1289/1035/1114 1274/1026/1114
f 1268/1015/1115 1283/1040/1115 1282/1036/1115 1267/1027/1115
f 1261/1014/1116 1276/1041/1116 1275/1038/1116 1260/1013/1116
f 1269/1016/1117 1284/1042/1117 1283/1040/1117 1268/1015/1117
f 1262/1017/1118 1277/1043/1118 1276/1041/1118 1261/1014/1118
f 1270/1018/1119 1285/1044/1119 1284/1042/1119 1269/1016/1119
f 1263/1019/1120 1278/1045/1120 1277/1043/1120 1262/1017/1120
f 1271/1020/1121 1286/1046/1121 1285/1044/1121 1270/1018/1121
f 1264/1021/1122 1279/1030/1122 1278/1045/1122 1263/1019/1122
f 1272/1022/1123 1287/1032/1123 1286/1046/1123 1271/1020/1123
f 1284/1042/1124 1299/1048/1124 1298/1047/1124 1283/1040/1124
f 1277/1043/1125 1292/1050/1125 1291/1049/1125 1276/1041/1125
f 1285/1044/1126 1300/1051/1126 1299/1048/1126 1284/1042/1126
f 1278/1045/1127 1293/1052/1127 1292/1050/1127 1277/1043/1127
f 1286/1046/1128 1301/1053/1128 1300/1051/1128 1285/1044/1128
f 1279/1030/1129 1294/1054/1129 1293/1052/1129 1278/1045/1129
f 1287/1032/1130 1302/1055/1130 1301/1053/1130 1286/1046/1130
f 1280/1031/1131 1295/1056/1131 1294/1054/1131 1279/1030/1131
f 1288/1033/1132 1303/1057/1132 1302/1055/1132 1287/1032/1132
f 1281/1034/1133 1296/1058/1133 1295/1056/1133 1280/1031/1133
f 1289/1035/1134 1304/1059/1134 1303/1057/1134 1288/1033/1134
f 1282/1036/1135 1297/1060/1135 1296/1058/1135 1281/1034/1135
f 1275/1038/1136 1290/1062/1136 1087/1061/1136
f 1094/1063/1137 1304/1059/1137 1289/1035/1137
f 1283/1040/1138 1298/1047/1138 1297/1060/1138 1282/1036/1138
f 1276/1041/1139 1291/1049/1139 1290/1062/1139 1275/1038/1139
f 1303/1057/1140 1318/1065/1140 1317/1064/1140 1302/1055/1140
f 1296/1058/1141 1311/1067/1141 1310/1066/1141 1295/1056/1141
f 1304/1059/1142 1319/1068/1142 1318/1065/1142 1303/1057/1142
f 1297/1060/1143 1312/1069/1143 1311/1067/1143 1296/1058/1143
f 1290/1062/1144 1305/1071/1144 1087/1070/1144
f 1094/1072/1145 1319/1068/1145 1304/1059/1145
f 1298/1047/1146 1313/1073/1146 1312/1069/1146 1297/1060/1146
f 1291/1049/1147 1306/1074/1147 1305/1071/1147 1290/1062/1147
f 1299/1048/1148 1314/1075/1148 1313/1073/1148 1298/1047/1148
f 1292/1050/1149 1307/1076/1149 1306/1074/1149 1291/1049/1149
f 1300/1051/1150 1315/1077/1150 1314/1075/1150 1299/1048/1150
f 1293/1052/1151 1308/1078/1151 1307/1076/1151 1292/1050/1151
f 1301/1053/1152 1316/1079/1152 1315/1077/1152 1300/1051/1152
f 1294/1054/1153 1309/1080/1153 1308/1078/1153 1293/1052/1153
f 1302/1055/1154 1317/1064/1154 1316/1079/1154 1301/1053/1154
f 1295/1056/1155 1310/1066/1155 1309/1080/1155 1294/1054/1155
f 1307/1076/1156 1322/1082/1156 1321/1081/1156 1306/1074/1156
f 1315/1077/1157 1330/1084/1157 1329/1083/1157 1314/1075/1157
f 1308/1078/1158 1323/1085/1158 1322/1082/1158 1307/1076/1158
f 1316/1079/1159 1331/1086/1159 1330/1084/1159 1315/1077/1159
f 1309/1080/1160 1324/1087/1160 1323/1085/1160 1308/1078/1160
f 1317/1064/1161 1332/1088/1161 1331/1086/1161 1316/1079/1161
f 1310/1066/1162 1325/1089/1162 1324/1087/1162 1309/1080/1162
f 1318/1065/1163 1333/1090/1163 1332/1088/1163 1317/1064/1163
f 1311/1067/1164 1326/1091/1164 1325/1089/1164 1310/1066/1164
f 1319/1068/1165 1334/1092/1165 1333/1090/1165 1318/1065/1165
f 1312/1069/1166 1327/1093/1166 1326/1091/1166 1311/1067/1166
f 1305/1071/1167 1320/1095/1167 1087/1094/1167
f 1094/1096/1168 1334/1092/1168 1319/1068/1168
f 1313/1073/1169 1328/1097/1169 1327/1093/1169 1312/1069/1169
f 1306/1074/1170 1321/1081/1170 1320/1095/1170 1305/1071/1170
f 1314/1075/1171 1329/1083/1171 1328/1097/1171 1313/1073/1171
f 1326/1091/1172 1341/1099/1172 1340/1098/1172 1325/1089/1172
f 1334/1092/1173 1349/1101/1173 1348/1100/1173 1333/1090/1173
f 1327/1093/1174 1342/1102/1174 1341/1099/1174 1326/1091/1174
f 1320/1095/1175 1335/1104/1175 1087/1103/1175
f 1094/1105/1176 1349/1101/1176 1334/1092/1176
f 1328/1097/1177 1343/1106/1177 1342/1102/1177 1327/1093/1177
f 1321/1081/1178 1336/1107/1178 1335/1104/1178 1320/1095/1178
f 1329/1083/1179 1344/1108/1179 1343/1106/1179 1328/1097/1179
f 1322/1082/1180 1337/1109/1180 1336/1107/1180 1321/1081/1180
f 1330/1084/1181 1345/1110/1181 1344/1108/1181 1329/1083/1181
f 1323/1085/1182 1338/1111/1182 1337/1109/1182 1322/1082/1182
f 1331/1086/1183 1346/1112/1183 1345/1110/1183 1330/1084/1183
f 1324/1087/1184 1339/1113/1184 1338/1111/1184 1323/1085/1184
f 1332/1088/1185 1347/1114/1185 1346/1112/1185 1331/1086/1185
f 1325/1089/1186 1340/1098/1186 1339/1113/1186 1324/1087/1186
f 1333/1090/1187 1348/1100/1187 1347/1114/1187 1332/1088/1187
f 1345/1110/1188 1360/1116/1188 1359/1115/1188 1344/1108/1188
f 1338/1111/1189 1353/1118/1189 1352/1117/1189 1337/1109/1189
f 1346/1112/1190 1361/1119/1190 1360/1116/1190 1345/1110/1190
f 1339/1113/1191 1354/1120/1191 1353/1118/1191 1338/1111/1191
f 1347/1114/1192 1362/1121/1192 1361/1119/1192 1346/1112/1192
f 1340/1098/1193 1355/1122/1193 1354/1120/1193 1339/1113/1193
f 1348/1100/1194 1363/1123/1194 1362/1121/1194 1347/1114/1194
f 1341/1099/1195 1356/1124/1195 1355/1122/1195 1340/1098/1195
f 1349/1101/1196 1364/1125/1196 1363/1123/1196 1348/1100/1196
f 1342/1102/1197 1357/1126/1197 1356/1124/1197 1341/1099/1197
f 1335/1104/1198 1350/1128/1198 1087/1127/1198
f 1094/1129/1199 1364/1125/1199 1349/1101/1199
f 1343/1106/1200 1358/1130/1200 1357/1126/1200 1342/1102/1200
f 1336/1107/1201 1351/1131/1201 1350/1128/1201 1335/1104/1201
f 1344/1108/1202 1359/1115/1202 1358/1130/1202 1343/1106/1202
f 1337/1109/1203 1352/1117/1203 1351/1131/1203 1336/1107/1203
f 1364/1125/1204 1379/1133/1204 1378/1132/1204 1363/1123/1204
f 1357/1126/1205 1372/1135/1205 1371/1134/1205 1356/1124/1205
f 1350/1128/1206 1365/1137/1206 1087/1136/1206
f 1094/1138/1207 1379/1133/1207 1364/1125/1207
f 1358/1130/1208 1373/1139/1208 1372/1135/1208 1357/1126/1208
f 1351/1131/1209 1366/1140/1209 1365/1137/1209 1350/1128/1209
f 1359/1115/1210 1374/1141/1210 1373/1139/1210 1358/1130/1210
f 1352/1117/1211 1367/1142/1211 1366/1140/1211 1351/1131/1211
f 1360/1116/1212 1375/1143/1212 1374/1141/1212 1359/1115/1212
f 1353/1118/1213 1368/1144/1213 1367/1142/1213 1352/1117/1213
f 1361/1119/1214 1376/1145/1214 1375/1143/1214 1360/1116/1214
f 1354/1120/1215 1369/1146/1215 1368/1144/1215 1353/1118/1215
f 1362/1121/1216 1377/1147/1216 1376/1145/1216 1361/1119/1216
f 1355/1122/1217 1370/1148/1217 1369/1146/1217 1354/1120/1217
f 1363/1123/1218 1378/1132/1218 1377/1147/1218 1362/1121/1218
f 1356/1124/1219 1371/1134/1219 1370/1148/1219 1355/1122/1219
f 1376/1145/1220 1391/1150/1220 1390/1149/1220 1375/1143/1220
f 1369/1146/1221 1384/1152/1221 1383/1151/1221 1368/1144/1221
f 1377/1147/1222 1392/1153/1222 1391/1150/1222 1376/1145/1222
f 1370/1148/1223 1385/1154/1223 1384/1152/1223 1369/1146/1223
f 1378/1132/1224 1393/1155/1224 1392/1153/1224 1377/1147/1224
f 1371/1134/1225 1386/1156/1225 1385/1154/1225 1370/1148/1225
f 1379/1133/1226 1394/1157/1226 1393/1155/1226 1378/1132/1226
f 1372/1135/1227 1387/1158/1227 1386/1156/1227 1371/1134/1227
f 1365/1137/1228 1380/1160/1228 1087/1159/1228
f 1094/1161/1229 1394/1157/1229 1379/1133/1229
f 1373/1139/1230 1388/1162/1230 1387/1158/1230 1372/1135/1230
f 1366/1140/1231 1381/1163/1231 1380/1160/1231 1365/1137/1231
f 1374/1141/1232 1389/1164/1232 1388/1162/1232 1373/1139/1232
f 1367/1142/1233 1382/1165/1233 1381/1163/1233 1366/1140/1233
f 1375/1143/1234 1390/1149/1234 1389/1164/1234 1374/1141/1234
f 1368/1144/1235 1383/1151/1235 1382/1165/1235 1367/1142/1235
f 1380/1160/1236 1395/1167/1236 1087/1166/1236
f 1094/1168/1237 1409/1169/1237 1394/1157/1237
f 1388/1162/1238 1403/1171/1238 1402/1170/1238 1387/1158/1238
f 1381/1163/1239 1396/1172/1239 1395/1167/1239 1380/1160/1239
f 1389/1164/1240 1404/1173/1240 1403/1171/1240 1388/1162/1240
f 1382/1165/1241 1397/1174/1241 1396/1172/1241 1381/1163/1241
f 1390/1149/1242 1405/1175/1242 1404/1173/1242 1389/1164/1242
f 1383/1151/1243 1398/1176/1243 1397/1174/1243 1382/1165/1243
f 1391/1150/1244 1406/1177/1244 1405/1175/1244 1390/1149/1244
f 1384/1152/1245 1399/1178/1245 1398/1176/1245 1383/1151/1245
f 1392/1153/1246 1407/1179/1246 1406/1177/1246 1391/1150/1246
f 1385/1154/1247 1400/1180/1247 1399/1178/1247 1384/1152/1247
f 1393/1155/1248 1408/1181/1248 1407/1179/1248 1392/1153/1248
f 1386/1156/1249 1401/1182/1249 1400/1180/1249 1385/1154/1249
f 1394/1157/1250 1409/1169/1250 1408/1181/1250 1393/1155/1250
f 1387/1158/1251 1402/1170/1251 1401/1182/1251 1386/1156/1251
f 1399/1178/1252 1414/1184/1252 1413/1183/1252 1398/1176/1252
f 1407/1179/1253 1422/1186/1253 1421/1185/1253 1406/1177/1253
f 1400/1180/1254 1415/1187/1254 1414/1184/1254 1399/1178/1254
f 1408/1181/1255 1423/1188/1255 1422/1186/1255 1407/1179/1255
f 1401/1182/1256 1416/1189/1256 1415/1187/1256 1400/1180/1256
f 1409/1169/1257 1424/1190/1257 1423/1188/1257 1408/1181/1257
f 1402/1170/1258 1417/1191/1258 1416/1189/1258 1401/1182/1258
f 1395/1167/1259 1410/1193/1259 1087/1192/1259
f 1094/1194/1260 1424/1190/1260 1409/1169/1260
f 1403/1171/1261 1418/1195/1261 1417/1191/1261 1402/1170/1261
f 1396/1172/1262 1411/1196/1262 1410/1193/1262 1395/1167/1262
f 1404/1173/1263 1419/1197/1263 1418/1195/1263 1403/1171/1263
f 1397/1174/1264 1412/1198/1264 1411/1196/1264 1396/1172/1264
f 1405/1175/1265 1420/1199/1265 1419/1197/1265 1404/1173/1265
f 1398/1176/1266 1413/1183/1266 1412/1198/1266 1397/1174/1266
f 1406/1177/1267 1421/1185/1267 1420/1199/1267 1405/1175/1267
f 1418/1195/1268 1433/1201/1268 1432/1200/1268 1417/1191/1268
f 1411/1196/1269 1426/1203/1269 1425/1202/1269 1410/1193/1269
f 1419/1197/1270 1434/1204/1270 1433/1201/1270 1418/1195/1270
f 1412/1198/1271 1427/1205/1271 1426/1203/1271 1411/1196/1271
f 1420/1199/1272 1435/1206/1272 1434/1204/1272 1419/1197/1272
f 1413/1183/1273 1428/1207/1273 1427/1205/1273 1412/1198/1273
f 1421/1185/1274 1436/1208/1274 1435/1206/1274 1420/1199/1274
f 1414/1184/1275 1429/1209/1275 1428/1207/1275 1413/1183/1275
f 1422/1186/1276 1437/1210/1276 1436/1208/1276 1421/1185/1276
f 1415/1187/1277 1430/1211/1277 1429/1209/1277 1414/1184/1277
f 1423/1188/1278 1438/1212/1278 1437/1210/1278 1422/1186/1278
f 1416/1189/1279 1431/1213/1279 1430/1211/1279 1415/1187/1279
f 1424/1190/1280 1439/1214/1280 1438/1212/1280 1423/1188/1280
f 1417/1191/1281 1432/1200/1281 1431/1213/1281 1416/1189/1281
f 1410/1193/1282 1425/1202/1282 1087/1215/1282
f 1094/1216/1283 1439/1214/1283 1424/1190/1283
f 1437/1210/1284 1452/1218/1284 1451/1217/1284 1436/1208/1284
f 1430/1211/1285 1445/1220/1285 1444/1219/1285 1429/1209/1285
f 1438/1212/1286 1453/1221/1286 1452/1218/1286 1437/1210/1286
f 1431/1213/1287 1446/1222/1287 1445/1220/1287 1430/1211/1287
f 1439/1214/1288 1454/1223/1288 1453/1221/1288 1438/1212/1288
f 1432/1200/1289 1447/1224/1289 1446/1222/1289 1431/1213/1289
f 1425/1202/1290 1440/1226/1290 1087/1225/1290
f 1094/1227/1291 1454/1223/1291 1439/1214/1291
f 1433/1201/1292 1448/1228/1292 1447/1224/1292 1432/1200/1292
f 1426/1203/1293 1441/1229/1293 1440/1226/1293 1425/1202/1293
f 1434/1204/1294 1449/1230/1294 1448/1228/1294 1433/1201/1294
f 1427/1205/1295 1442/1231/1295 1441/1229/1295 1426/1203/1295
f 1435/1206/1296 1450/1232/1296 1449/1230/1296 1434/1204/1296
f 1428/1207/1297 1443/1233/1297 1442/1231/1297 1427/1205/1297
f 1436/1208/1298 1451/1217/1298 1450/1232/1298 1435/1206/1298
f 1429/1209/1299 1444/1219/1299 1443/1233/1299 1428/1207/1299
f 1441/1234/1300 1456/1237/1300 1455/1236/1300 1440/1235/1300
f 1449/1238/1301 1464/1241/1301 1463/1240/1301 1448/1239/1301
f 1442/1242/1302 1457/1243/1302 1456/1237/1302 1441/1234/1302
f 1450/1244/1303 1465/1245/1303 1464/1241/1303 1449/1238/1303
f 1443/1246/1304 1458/1247/1304 1457/1243/1304 1442/1242/1304
f 1451/1248/1305 1466/1249/1305 1465/1245/1305 1450/1244/1305
f 1444/1250/1306 1459/1251/1306 1458/1247/1306 1443/1246/1306
f 1452/1252/1307 1467/1253/1307 1466/1249/1307 1451/1248/1307
f 1445/1254/1308 1460/1255/1308 1459/1251/1308 1444/1250/1308
f 1453/1256/1309 1468/1257/1309 1467/1253/1309 1452/1252/1309
f 1446/1258/1310 1461/1259/1310 1460/1255/1310 1445/1254/1310
f 1454/1260/1311 1469/1261/1311 1468/1257/1311 1453/1256/1311
f 1447/1262/1312 1462/1263/1312 1461/1259/1312 1446/1258/1312
f 1440/1235/1313 1455/1236/1313 1087/1264/1313
f 1094/1265/1314 1469/1261/1314 1454/1260/1314
f 1448/1239/1315 1463/1240/1315 1462/1263/1315 1447/1262/1315
f 1460/1255/1316 1475/1267/1316 1474/1266/1316 1459/1251/1316
f 1468/1257/1317 1483/1269/1317 1482/1268/1317 1467/1253/1317
f 1461/1259/1318 1476/1270/1318 1475/1267/1318 1460/1255/1318
f 1469/1261/1319 1484/1271/1319 1483/1269/1319 1468/1257/1319
f 1462/1263/1320 1477/1272/1320 1476/1270/1320 1461/1259/1320
f 1455/1236/1321 1470/1274/1321 1087/1273/1321
f 1094/1275/1322 1484/1271/1322 1469/1261/1322
f 1463/1240/1323 1478/1276/1323 1477/1272/1323 1462/1263/1323
f 1456/1237/1324 1471/1277/1324 1470/1274/1324 1455/1236/1324
f 1464/1241/1325 1479/1278/1325 1478/1276/1325 1463/1240/1325
f 1457/1243/1326 1472/1279/1326 1471/1277/1326 1456/1237/1326
f 1465/1245/1327 1480/1280/1327 1479/1278/1327 1464/1241/1327
f 1458/1247/1328 1473/1281/1328 1472/1279/1328 1457/1243/1328
f 1466/1249/1329 1481/1282/1329 1480/1280/1329 1465/1245/1329
f 1459/1251/1330 1474/1266/1330 1473/1281/1330 1458/1247/1330
f 1467/1253/1331 1482/1268/1331 1481/1282/1331 1466/1249/1331
f 1479/1278/1332 1494/1284/1332 1493/1283/1332 1478/1276/1332
f 1472/1279/1333 1487/1286/1333 1486/1285/1333 1471/1277/1333
f 1480/1280/1334 1495/1287/1334 1494/1284/1334 1479/1278/1334
f 1473/1281/1335 1488/1288/1335 1487/1286/1335 1472/1279/1335
f 1481/1282/1336 1496/1289/1336 1495/1287/1336 1480/1280/1336
f 1474/1266/1337 1489/1290/1337 1488/1288/1337 1473/1281/1337
f 1482/1268/1338 1497/1291/1338 1496/1289/1338 1481/1282/1338
f 1475/1267/1339 1490/1292/1339 1489/1290/1339 1474/1266/1339
f 1483/1269/1340 1498/1293/1340 1497/1291/1340 1482/1268/1340
f 1476/1270/1341 1491/1294/1341 1490/1292/1341 1475/1267/1341
f 1484/1271/1342 1499/1295/1342 1498/1293/1342 1483/1269/1342
f 1477/1272/1343 1492/1296/1343 1491/1294/1343 1476/1270/1343
f 1470/1274/1344 1485/1298/1344 1087/1297/1344
f 1094/1299/1345 1499/1295/1345 1484/1271/1345
f 1478/1276/1346 1493/1283/1346 1492/1296/1346 1477/1272/1346
f 1471/1277/1347 1486/1285/1347 1485/1298/1347 1470/1274/1347
f 1498/1293/1348 1513/1301/1348 1512/1300/1348 1497/1291/1348
f 1491/1294/1349 1506/1303/1349 1505/1302/1349 1490/1292/1349
f 1499/1295/1350 1514/1304/1350 1513/1301/1350 1498/1293/1350
f 1492/1296/1351 1507/1305/1351 1506/1303/1351 1491/1294/1351
f 1485/1298/1352 1500/1307/1352 1087/1306/1352
f 1094/1308/1353 1514/1304/1353 1499/1295/1353
f 1493/1283/1354 1508/1309/1354 1507/1305/1354 1492/1296/1354
f 1486/1285/1355 1501/1310/1355 1500/1307/1355 1485/1298/1355
f 1494/1284/1356 1509/1311/1356 1508/1309/1356 1493/1283/1356
f 1487/1286/1357 1502/1312/1357 1501/1310/1357 1486/1285/1357
f 1495/1287/1358 1510/1313/1358 1509/1311/1358 1494/1284/1358
f 1488/1288/1359 1503/1314/1359 1502/1312/1359 1487/1286/1359
f 1496/1289/1360 1511/1315/1360 1510/1313/1360 1495/1287/1360
f 1489/1290/1361 1504/1316/1361 1503/1314/1361 1488/1288/1361
f 1497/1291/1362 1512/1300/1362 1511/1315/1362 1496/1289/1362
f 1490/1292/1363 1505/1302/1363 1504/1316/1363 1489/1290/1363
f 1510/1313/1364 1525/1318/1364 1524/1317/1364 1509/1311/1364
f 1503/1314/1365 1518/1320/1365 1517/1319/1365 1502/1312/1365
f 1511/1315/1366 1526/1321/1366 1525/1318/1366 1510/1313/1366
f 1504/1316/1367 1519/1322/1367 1518/1320/1367 1503/1314/1367
f 1512/1300/1368 1527/1323/1368 1526/1321/1368 1511/1315/1368
f 1505/1302/1369 1520/1324/1369 1519/1322/1369 1504/1316/1369
f 1513/1301/1370 1528/1325/1370 1527/1323/1370 1512/1300/1370
f 1506/1303/1371 1521/1326/1371 1520/1324/1371 1505/1302/1371
f 1514/1304/1372 1529/1327/1372 1528/1325/1372 1513/1301/1372
f 1507/1305/1373 1522/1328/1373 1521/1326/1373 1506/1303/1373
f 1500/1307/1374 1515/1330/1374 1087/1329/1374
f 1094/1331/1375 1529/1327/1375 1514/1304/1375
f 1508/1309/1376 1523/1332/1376 1522/1328/1376 1507/1305/1376
f 1501/1310/1377 1516/1333/1377 1515/1330/1377 1500/1307/1377
f 1509/1311/1378 1524/1317/1378 1523/1332/1378 1508/1309/1378
f 1502/1312/1379 1517/1319/1379 1516/1333/1379 1501/1310/1379
f 1529/1327/1380 1544/1335/1380 1543/1334/1380 1528/1325/1380
f 1522/1328/1381 1537/1337/1381 1536/1336/1381 1521/1326/1381
f 1515/1330/1382 1530/1339/1382 1087/1338/1382
f 1094/1340/1383 1544/1335/1383 1529/1327/1383
f 1523/1332/1384 1538/1341/1384 1537/1337/1384 1522/1328/1384
f 1516/1333/1385 1531/1342/1385 1530/1339/1385 1515/1330/1385
f 1524/1317/1386 1539/1343/1386 1538/1341/1386 1523/1332/1386
f 1517/1319/1387 1532/1344/1387 1531/1342/1387 1516/1333/1387
f 1525/1318/1388 1540/1345/1388 1539/1343/1388 1524/1317/1388
f 1518/1320/1389 1533/1346/1389 1532/1344/1389 1517/1319/1389
f 1526/1321/1390 1541/1347/1390 1540/1345/1390 1525/1318/1390
f 1519/1322/1391 1534/1348/1391 1533/1346/1391 1518/1320/1391
f 1527/1323/1392 1542/1349/1392 1541/1347/1392 1526/1321/1392
f 1520/1324/1393 1535/1350/1393 1534/1348/1393 1519/1322/1393
f 1528/1325/1394 1543/1334/1394 1542/1349/1394 1527/1323/1394
f 1521/1326/1395 1536/1336/1395 1535/1350/1395 1520/1324/1395
f 1533/1346/1396 1548/1352/1396 1547/1351/1396 1532/1344/1396
f 1541/1347/1397 1556/1354/1397 1555/1353/1397 1540/1345/1397
f 1534/1348/1398 1549/1355/1398 1548/1352/1398 1533/1346/1398
f 1542/1349/1399 1557/1356/1399 1556/1354/1399 1541/1347/1399
f 1535/1350/1400 1550/1357/1400 1549/1355/1400 1534/1348/1400
f 1543/1334/1401 1558/1358/1401 1557/1356/1401 1542/1349/1401
f 1536/1336/1402 1551/1359/1402 1550/1357/1402 1535/1350/1402
f 1544/1335/1403 1559/1360/1403 1558/1358/1403 1543/1334/1403
f 1537/1337/1404 1552/1361/1404 1551/1359/1404 1536/1336/1404
f 1530/1339/1405 1545/1363/1405 1087/1362/1405
f 1094/1364/1406 1559/1360/1406 1544/1335/1406
f 1538/1341/1407 1553/1365/1407 1552/1361/1407 1537/1337/1407
f 1531/1342/1408 1546/1366/1408 1545/1363/1408 1530/1339/1408
f 1539/1343/1409 1554/1367/1409 1553/1365/1409 1538/1341/1409
f 1532/1344/1410 1547/1351/1410 1546/1366/1410 1531/1342/1410
f 1540/1345/1411 1555/1353/1411 1554/1367/1411 1539/1343/1411
f 1552/1361/1412 1091/815/1412 1090/816/1412 1551/1359/1412
f 1545/1363/1413 1560/819/1413 1087/1368/1413
f 1094/1369/1414 1568/811/1414 1559/1360/1414
f 1553/1365/1415 1092/823/1415 1091/815/1415 1552/1361/1415
f 1546/1366/1416 1561/825/1416 1560/819/1416 1545/1363/1416
f 1554/1367/1417 1564/827/1417 1092/823/1417 1553/1365/1417
f 1547/1351/1418 1088/829/1418 1561/825/1418 1546/1366/1418
f 1555/1353/1419 1093/831/1419 1564/827/1419 1554/1367/1419
f 1548/1352/1420 1562/833/1420 1088/829/1420 1547/1351/1420
f 1556/1354/1421 1565/835/1421 1093/831/1421 1555/1353/1421
f 1549/1355/1422 1089/837/1422 1562/833/1422 1548/1352/1422
f 1557/1356/1423 1566/839/1423 1565/835/1423 1556/1354/1423
f 1550/1357/1424 1563/841/1424 1089/837/1424 1549/1355/1424
f 1558/1358/1425 1567/812/1425 1566/839/1425 1557/1356/1425
f 1551/1359/1426 1090/816/1426 1563/841/1426 1550/1357/1426
f 1559/1360/1427 1568/811/1427 1567/812/1427 1558/1358/1427
f 2050/811/916 1591/814/916 1590/813/916 2049/812/916
f 1573/815/917 1584/818/917 1583/817/917 1572/816/917
f 2042/819/918 1577/821/918 1569/820/918
f 1576/822/919 1591/814/919 2050/811/919
f 1574/823/920 1585/824/920 1584/818/920 1573/815/920
f 2043/825/921 1578/826/921 1577/821/921 2042/819/921
f 2046/827/922 1586/828/922 1585/824/922 1574/823/922
f 1570/829/923 1579/830/923 1578/826/923 2043/825/923
f 1575/831/924 1587/832/924 1586/828/924 2046/827/924
f 2044/833/925 1580/834/925 1579/830/925 1570/829/925
f 2047/835/926 1588/836/926 1587/832/926 1575/831/926
f 1571/837/927 1581/838/927 1580/834/927 2044/833/927
f 2048/839/928 1589/840/928 1588/836/928 2047/835/928
f 2045/841/929 1582/842/929 1581/838/929 1571/837/929
f 2049/812/930 1590/813/930 1589/840/930 2048/839/930
f 1572/816/931 1583/817/931 1582/842/931 2045/841/931
f 1590/813/932 1605/844/932 1604/843/932 1589/840/932
f 1583/817/933 1598/846/933 1597/845/933 1582/842/933
f 1591/814/934 1606/847/934 1605/844/934 1590/813/934
f 1584/818/935 1599/848/935 1598/846/935 1583/817/935
f 1577/821/936 1592/850/936 1569/849/936
f 1576/851/937 1606/847/937 1591/814/937
f 1585/824/938 1600/852/938 1599/848/938 1584/818/938
f 1578/826/939 1593/853/939 1592/850/939 1577/821/939
f 1586/828/940 1601/854/940 1600/852/940 1585/824/940
f 1579/830/941 1594/855/941 1593/853/941 1578/826/941
f 1587/832/942 1602/856/942 1601/854/942 1586/828/942
f 1580/834/943 1595/857/943 1594/855/943 1579/830/943
f 1588/836/944 1603/858/944 1602/856/944 1587/832/944
f 1581/838/945 1596/859/945 1595/857/945 1580/834/945
f 1589/840/946 1604/843/946 1603/858/946 1588/836/946
f 1582/842/947 1597/845/947 1596/859/947 1581/838/947
f 1594/855/948 1609/861/948 1608/860/948 1593/853/948
f 1602/856/949 1617/863/949 1616/862/949 1601/854/949
f 1595/857/950 1610/864/950 1609/861/950 1594/855/950
f 1603/858/951 1618/865/951 1617/863/951 1602/856/951
f 1596/859/952 1611/866/952 1610/864/952 1595/857/952
f 1604/843/953 1619/867/953 1618/865/953 1603/858/953
f 1597/845/954 1612/868/954 1611/866/954 1596/859/954
f 1605/844/955 1620/869/955 1619/867/955 1604/843/955
f 1598/846/956 1613/870/956 1612/868/956 1597/845/956
f 1606/847/957 1621/871/957 1620/869/957 1605/844/957
f 1599/848/958 1614/872/958 1613/870/958 1598/846/958
f 1592/850/959 1607/874/959 1569/873/959
f 1576/875/960 1621/871/960 1606/847/960
f 1600/852/961 1615/876/961 1614/872/961 1599/848/961
f 1593/853/1428 1608/860/1428 1607/874/1428 1592/850/1428
f 1601/854/963 1616/862/963 1615/876/963 1600/852/963
f 1613/870/964 1628/878/964 1627/877/964 1612/868/964
f 1621/871/965 1636/880/965 1635/879/965 1620/869/965
f 1614/872/966 1629/881/966 1628/878/966 1613/870/966
f 1607/874/967 1622/883/967 1569/882/967
f 1576/884/968 1636/880/968 1621/871/968
f 1615/876/969 1630/885/969 1629/881/969 1614/872/969
f 1608/860/970 1623/886/970 1622/883/970 1607/874/970
f 1616/862/971 1631/887/971 1630/885/971 1615/876/971
f 1609/861/972 1624/888/972 1623/886/972 1608/860/972
f 1617/863/973 1632/889/973 1631/887/973 1616/862/973
f 1610/864/974 1625/890/974 1624/888/974 1609/861/974
f 1618/865/975 1633/891/975 1632/889/975 1617/863/975
f 1611/866/976 1626/892/976 1625/890/976 1610/864/976
f 1619/867/977 1634/893/977 1633/891/977 1618/865/977
f 1612/868/978 1627/877/978 1626/892/978 1611/866/978
f 1620/869/979 1635/879/979 1634/893/979 1619/867/979
f 1632/889/980 1647/895/980 1646/894/980 1631/887/980
f 1625/890/981 1640/897/981 1639/896/981 1624/888/981
f 1633/891/982 1648/898/982 1647/895/982 1632/889/982
f 1626/892/983 1641/899/983 1640/897/983 1625/890/983
f 1634/893/984 1649/900/984 1648/898/984 1633/891/984
f 1627/877/1429 1642/901/1429 1641/899/1429 1626/892/1429
f 1635/879/986 1650/902/986 1649/900/986 1634/893/986
f 1628/878/987 1643/903/987 1642/901/987 1627/877/987
f 1636/880/988 1651/904/988 1650/902/988 1635/879/988
f 1629/881/989 1644/905/989 1643/903/989 1628/878/989
f 1622/883/990 1637/907/990 1569/906/990
f 1576/908/991 1651/904/991 1636/880/991
f 1630/885/992 1645/909/992 1644/905/992 1629/881/992
f 1623/886/993 1638/910/993 1637/907/993 1622/883/993
f 1631/887/994 1646/894/994 1645/909/994 1630/885/994
f 1624/888/995 1639/896/995 1638/910/995 1623/886/995
f 1651/904/996 1666/912/996 1665/911/996 1650/902/996
f 1644/905/997 1659/914/997 1658/913/997 1643/903/997
f 1637/907/998 1652/916/998 1569/915/998
f 1576/917/999 1666/912/999 1651/904/999
f 1645/909/1000 1660/918/1000 1659/914/1000 1644/905/1000
f 1638/910/1001 1653/919/1001 1652/916/1001 1637/907/1001
f 1646/894/1002 1661/920/1002 1660/918/1002 1645/909/1002
f 1639/896/1003 1654/921/1003 1653/919/1003 1638/910/1003
f 1647/895/1004 1662/922/1004 1661/920/1004 1646/894/1004
f 1640/897/1005 1655/923/1005 1654/921/1005 1639/896/1005
f 1648/898/1006 1663/924/1006 1662/922/1006 1647/895/1006
f 1641/899/1007 1656/925/1007 1655/923/1007 1640/897/1007
f 1649/900/1008 1664/926/1008 1663/924/1008 1648/898/1008
f 1642/901/1009 1657/927/1009 1656/925/1009 1641/899/1009
f 1650/902/1010 1665/911/1010 1664/926/1010 1649/900/1010
f 1643/903/1011 1658/913/1011 1657/927/1011 1642/901/1011
f 1655/923/1012 1670/929/1012 1669/928/1012 1654/921/1012
f 1663/924/1013 1678/931/1013 1677/930/1013 1662/922/1013
f 1656/925/1014 1671/932/1014 1670/929/1014 1655/923/1014
f 1664/926/1015 1679/933/1015 1678/931/1015 1663/924/1015
f 1657/927/1016 1672/934/1016 1671/932/1016 1656/925/1016
f 1665/911/1017 1680/935/1017 1679/933/1017 1664/926/1017
f 1658/913/1018 1673/936/1018 1672/934/1018 1657/927/1018
f 1666/912/1019 1681/937/1019 1680/935/1019 1665/911/1019
f 1659/914/1020 1674/938/1020 1673/936/1020 1658/913/1020
f 1652/916/1021 1667/940/1021 1569/939/1021
f 1576/941/1022 1681/937/1022 1666/912/1022
f 1660/918/1023 1675/942/1023 1674/938/1023 1659/914/1023
f 1653/919/1430 1668/943/1430 1667/940/1430 1652/916/1430
f 1661/920/1025 1676/944/1025 1675/942/1025 1660/918/1025
f 1654/921/1026 1669/928/1026 1668/943/1026 1653/919/1026
f 1662/922/1027 1677/930/1027 1676/944/1027 1661/920/1027
f 1674/938/1028 1689/946/1028 1688/945/1028 1673/936/1028
f 1667/940/1029 1682/948/1029 1569/947/1029
f 1576/949/1030 1696/950/1030 1681/937/1030
f 1675/942/1031 1690/951/1031 1689/946/1031 1674/938/1031
f 1668/943/1032 1683/952/1032 1682/948/1032 1667/940/1032
f 1676/944/1033 1691/953/1033 1690/951/1033 1675/942/1033
f 1669/928/1034 1684/954/1034 1683/952/1034 1668/943/1034
f 1677/930/1035 1692/955/1035 1691/953/1035 1676/944/1035
f 1670/929/1036 1685/956/1036 1684/954/1036 1669/928/1036
f 1678/931/1037 1693/957/1037 1692/955/1037 1677/930/1037
f 1671/932/1038 1686/958/1038 1685/956/1038 1670/929/1038
f 1679/933/1039 1694/959/1039 1693/957/1039 1678/931/1039
f 1672/934/1040 1687/960/1040 1686/958/1040 1671/932/1040
f 1680/935/1041 1695/961/1041 1694/959/1041 1679/933/1041
f 1673/936/1042 1688/945/1042 1687/960/1042 1672/934/1042
f 1681/937/1043 1696/950/1043 1695/961/1043 1680/935/1043
f 1693/957/1044 1708/963/1044 1707/962/1044 1692/955/1044
f 1686/958/1045 1701/965/1045 1700/964/1045 1685/956/1045
f 1694/959/1046 1709/966/1046 1708/963/1046 1693/957/1046
f 1687/960/1047 1702/967/1047 1701/965/1047 1686/958/1047
f 1695/961/1048 1710/968/1048 1709/966/1048 1694/959/1048
f 1688/945/1049 1703/969/1049 1702/967/1049 1687/960/1049
f 1696/950/1050 1711/970/1050 1710/968/1050 1695/961/1050
f 1689/946/1051 1704/971/1051 1703/969/1051 1688/945/1051
f 1682/948/1052 1697/973/1052 1569/972/1052
f 1576/974/1053 1711/970/1053 1696/950/1053
f 1690/951/1054 1705/975/1054 1704/971/1054 1689/946/1054
f 1683/952/1055 1698/976/1055 1697/973/1055 1682/948/1055
f 1691/953/1056 1706/977/1056 1705/975/1056 1690/951/1056
f 1684/954/1057 1699/978/1057 1698/976/1057 1683/952/1057
f 1692/955/1058 1707/962/1058 1706/977/1058 1691/953/1058
f 1685/956/1059 1700/964/1059 1699/978/1059 1684/954/1059
f 1576/979/1060 1726/980/1060 1711/970/1060
f 1705/975/1061 1720/982/1061 1719/981/1061 1704/971/1061
f 1698/976/1062 1713/984/1062 1712/983/1062 1697/973/1062
f 1706/977/1063 1721/985/1063 1720/982/1063 1705/975/1063
f 1699/978/1064 1714/986/1064 1713/984/1064 1698/976/1064
f 1707/962/1065 1722/987/1065 1721/985/1065 1706/977/1065
f 1700/964/1066 1715/988/1066 1714/986/1066 1699/978/1066
f 1708/963/1067 1723/989/1067 1722/987/1067 1707/962/1067
f 1701/965/1068 1716/990/1068 1715/988/1068 1700/964/1068
f 1709/966/1069 1724/991/1069 1723/989/1069 1708/963/1069
f 1702/967/1070 1717/992/1070 1716/990/1070 1701/965/1070
f 1710/968/1071 1725/993/1071 1724/991/1071 1709/966/1071
f 1703/969/1431 1718/994/1431 1717/992/1431 1702/967/1431
f 1711/970/1073 1726/980/1073 1725/993/1073 1710/968/1073
f 1704/971/1074 1719/981/1074 1718/994/1074 1703/969/1074
f 1697/973/1075 1712/983/1075 1569/995/1075
f 1724/991/1076 1739/997/1076 1738/996/1076 1723/989/1076
f 1717/992/1077 1732/999/1077 1731/998/1077 1716/990/1077
f 1725/993/1078 1740/1000/1078 1739/997/1078 1724/991/1078
f 1718/994/1079 1733/1001/1079 1732/999/1079 1717/992/1079
f 1726/980/1080 1741/1002/1080 1740/1000/1080 1725/993/1080
f 1719/981/1081 1734/1003/1081 1733/1001/1081 1718/994/1081
f 1712/983/1082 1727/1005/1082 1569/1004/1082
f 1576/1006/1083 1741/1002/1083 1726/980/1083
f 1720/982/1084 1735/1007/1084 1734/1003/1084 1719/981/1084
f 1713/984/1085 1728/1008/1085 1727/1005/1085 1712/983/1085
f 1721/985/1086 1736/1009/1086 1735/1007/1086 1720/982/1086
f 1714/986/1087 1729/1010/1087 1728/1008/1087 1713/984/1087
f 1722/987/1088 1737/1011/1088 1736/1009/1088 1721/985/1088
f 1715/988/1089 1730/1012/1089 1729/1010/1089 1714/986/1089
f 1723/989/1090 1738/996/1090 1737/1011/1090 1722/987/1090
f 1716/990/1091 1731/998/1091 1730/1012/1091 1715/988/1091
f 1728/1008/1092 1743/1014/1092 1742/1013/1092 1727/1005/1092
f 1736/1009/1093 1751/1016/1093 1750/1015/1093 1735/1007/1093
f 1729/1010/1094 1744/1017/1094 1743/1014/1094 1728/1008/1094
f 1737/1011/1095 1752/1018/1095 1751/1016/1095 1736/1009/1095
f 1730/1012/1096 1745/1019/1096 1744/1017/1096 1729/1010/1096
f 1738/996/1097 1753/1020/1097 1752/1018/1097 1737/1011/1097
f 1731/998/1098 1746/1021/1098 1745/1019/1098 1730/1012/1098
f 1739/997/1099 1754/1022/1099 1753/1020/1099 1738/996/1099
f 1732/999/1100 1747/1023/1100 1746/1021/1100 1731/998/1100
f 1740/1000/1101 1755/1024/1101 1754/1022/1101 1739/997/1101
f 1733/1001/1102 1748/1025/1102 1747/1023/1102 1732/999/1102
f 1741/1002/1103 1756/1026/1103 1755/1024/1103 1740/1000/1103
f 1734/1003/1104 1749/1027/1104 1748/1025/1104 1733/1001/1104
f 1727/1005/1105 1742/1013/1105 1569/1028/1105
f 1576/1029/1106 1756/1026/1106 1741/1002/1106
f 1735/1007/1432 1750/1015/1432 1749/1027/1432 1734/1003/1432
f 1747/1023/1108 1762/1031/1108 1761/1030/1108 1746/1021/1108
f 1755/1024/1109 1770/1033/1109 1769/1032/1109 1754/1022/1109
f 1748/1025/1433 1763/1034/1433 1762/1031/1433 1747/1023/1433
f 1756/1026/1111 1771/1035/1111 1770/1033/1111 1755/1024/1111
f 1749/1027/1112 1764/1036/1112 1763/1034/1112 1748/1025/1112
f 1742/1013/1434 1757/1038/1434 1569/1037/1434
f 1576/1039/1114 1771/1035/1114 1756/1026/1114
f 1750/1015/1115 1765/1040/1115 1764/1036/1115 1749/1027/1115
f 1743/1014/1116 1758/1041/1116 1757/1038/1116 1742/1013/1116
f 1751/1016/1117 1766/1042/1117 1765/1040/1117 1750/1015/1117
f 1744/1017/1118 1759/1043/1118 1758/1041/1118 1743/1014/1118
f 1752/1018/1119 1767/1044/1119 1766/1042/1119 1751/1016/1119
f 1745/1019/1120 1760/1045/1120 1759/1043/1120 1744/1017/1120
f 1753/1020/1121 1768/1046/1121 1767/1044/1121 1752/1018/1121
f 1746/1021/1435 1761/1030/1435 1760/1045/1435 1745/1019/1435
f 1754/1022/1123 1769/1032/1123 1768/1046/1123 1753/1020/1123
f 1766/1042/1124 1781/1048/1124 1780/1047/1124 1765/1040/1124
f 1759/1043/1125 1774/1050/1125 1773/1049/1125 1758/1041/1125
f 1767/1044/1126 1782/1051/1126 1781/1048/1126 1766/1042/1126
f 1760/1045/1127 1775/1052/1127 1774/1050/1127 1759/1043/1127
f 1768/1046/1128 1783/1053/1128 1782/1051/1128 1767/1044/1128
f 1761/1030/1129 1776/1054/1129 1775/1052/1129 1760/1045/1129
f 1769/1032/1130 1784/1055/1130 1783/1053/1130 1768/1046/1130
f 1762/1031/1131 1777/1056/1131 1776/1054/1131 1761/1030/1131
f 1770/1033/1132 1785/1057/1132 1784/1055/1132 1769/1032/1132
f 1763/1034/1133 1778/1058/1133 1777/1056/1133 1762/1031/1133
f 1771/1035/1134 1786/1059/1134 1785/1057/1134 1770/1033/1134
f 1764/1036/1135 1779/1060/1135 1778/1058/1135 1763/1034/1135
f 1757/1038/1136 1772/1062/1136 1569/1061/1136
f 1576/1063/1137 1786/1059/1137 1771/1035/1137
f 1765/1040/1138 1780/1047/1138 1779/1060/1138 1764/1036/1138
f 1758/1041/1139 1773/1049/1139 1772/1062/1139 1757/1038/1139
f 1785/1057/1140 1800/1065/1140 1799/1064/1140 1784/1055/1140
f 1778/1058/1141 1793/1067/1141 1792/1066/1141 1777/1056/1141
f 1786/1059/1142 1801/1068/1142 1800/1065/1142 1785/1057/1142
f 1779/1060/1143 1794/1069/1143 1793/1067/1143 1778/1058/1143
f 1772/1062/1144 1787/1071/1144 1569/1070/1144
f 1576/1072/1145 1801/1068/1145 1786/1059/1145
f 1780/1047/1146 1795/1073/1146 1794/1069/1146 1779/1060/1146
f 1773/1049/1147 1788/1074/1147 1787/1071/1147 1772/1062/1147
f 1781/1048/1148 1796/1075/1148 1795/1073/1148 1780/1047/1148
f 1774/1050/1149 1789/1076/1149 1788/1074/1149 1773/1049/1149
f 1782/1051/1150 1797/1077/1150 1796/1075/1150 1781/1048/1150
f 1775/1052/1151 1790/1078/1151 1789/1076/1151 1774/1050/1151
f 1783/1053/1152 1798/1079/1152 1797/1077/1152 1782/1051/1152
f 1776/1054/1153 1791/1080/1153 1790/1078/1153 1775/1052/1153
f 1784/1055/1154 1799/1064/1154 1798/1079/1154 1783/1053/1154
f 1777/1056/1155 1792/1066/1155 1791/1080/1155 1776/1054/1155
f 1789/1076/1156 1804/1082/1156 1803/1081/1156 1788/1074/1156
f 1797/1077/1157 1812/1084/1157 1811/1083/1157 1796/1075/1157
f 1790/1078/1158 1805/1085/1158 1804/1082/1158 1789/1076/1158
f 1798/1079/1159 1813/1086/1159 1812/1084/1159 1797/1077/1159
f 1791/1080/1160 1806/1087/1160 1805/1085/1160 1790/1078/1160
f 1799/1064/1161 1814/1088/1161 1813/1086/1161 1798/1079/1161
f 1792/1066/1162 1807/1089/1162 1806/1087/1162 1791/1080/1162
f 1800/1065/1163 1815/1090/1163 1814/1088/1163 1799/1064/1163
f 1793/1067/1164 1808/1091/1164 1807/1089/1164 1792/1066/1164
f 1801/1068/1165 1816/1092/1165 1815/1090/1165 1800/1065/1165
f 1794/1069/1166 1809/1093/1166 1808/1091/1166 1793/1067/1166
f 1787/1071/1167 1802/1095/1167 1569/1094/1167
f 1576/1096/1168 1816/1092/1168 1801/1068/1168
f 1795/1073/1169 1810/1097/1169 1809/1093/1169 1794/1069/1169
f 1788/1074/1170 1803/1081/1170 1802/1095/1170 1787/1071/1170
f 1796/1075/1171 1811/1083/1171 1810/1097/1171 1795/1073/1171
f 1808/1091/1172 1823/1099/1172 1822/1098/1172 1807/1089/1172
f 1816/1092/1173 1831/1101/1173 1830/1100/1173 1815/1090/1173
f 1809/1093/1174 1824/1102/1174 1823/1099/1174 1808/1091/1174
f 1802/1095/1175 1817/1104/1175 1569/1103/1175
f 1576/1105/1176 1831/1101/1176 1816/1092/1176
f 1810/1097/1177 1825/1106/1177 1824/1102/1177 1809/1093/1177
f 1803/1081/1178 1818/1107/1178 1817/1104/1178 1802/1095/1178
f 1811/1083/1179 1826/1108/1179 1825/1106/1179 1810/1097/1179
f 1804/1082/1180 1819/1109/1180 1818/1107/1180 1803/1081/1180
f 1812/1084/1181 1827/1110/1181 1826/1108/1181 1811/1083/1181
f 1805/1085/1182 1820/1111/1182 1819/1109/1182 1804/1082/1182
f 1813/1086/1183 1828/1112/1183 1827/1110/1183 1812/1084/1183
f 1806/1087/1184 1821/1113/1184 1820/1111/1184 1805/1085/1184
f 1814/1088/1185 1829/1114/1185 1828/1112/1185 1813/1086/1185
f 1807/1089/1186 1822/1098/1186 1821/1113/1186 1806/1087/1186
f 1815/1090/1187 1830/1100/1187 1829/1114/1187 1814/1088/1187
f 1827/1110/1188 1842/1116/1188 1841/1115/1188 1826/1108/1188
f 1820/1111/1189 1835/1118/1189 1834/1117/1189 1819/1109/1189
f 1828/1112/1190 1843/1119/1190 1842/1116/1190 1827/1110/1190
f 1821/1113/1191 1836/1120/1191 1835/1118/1191 1820/1111/1191
f 1829/1114/1192 1844/1121/1192 1843/1119/1192 1828/1112/1192
f 1822/1098/1193 1837/1122/1193 1836/1120/1193 1821/1113/1193
f 1830/1100/1194 1845/1123/1194 1844/1121/1194 1829/1114/1194
f 1823/1099/1195 1838/1124/1195 1837/1122/1195 1822/1098/1195
f 1831/1101/1196 1846/1125/1196 1845/1123/1196 1830/1100/1196
f 1824/1102/1197 1839/1126/1197 1838/1124/1197 1823/1099/1197
f 1817/1104/1198 1832/1128/1198 1569/1127/1198
f 1576/1129/1199 1846/1125/1199 1831/1101/1199
f 1825/1106/1200 1840/1130/1200 1839/1126/1200 1824/1102/1200
f 1818/1107/1201 1833/1131/1201 1832/1128/1201 1817/1104/1201
f 1826/1108/1202 1841/1115/1202 1840/1130/1202 1825/1106/1202
f 1819/1109/1203 1834/1117/1203 1833/1131/1203 1818/1107/1203
f 1846/1125/1204 1861/1133/1204 1860/1132/1204 1845/1123/1204
f 1839/1126/1205 1854/1135/1205 1853/1134/1205 1838/1124/1205
f 1832/1128/1206 1847/1137/1206 1569/1136/1206
f 1576/1138/1207 1861/1133/1207 1846/1125/1207
f 1840/1130/1208 1855/1139/1208 1854/1135/1208 1839/1126/1208
f 1833/1131/1209 1848/1140/1209 1847/1137/1209 1832/1128/1209
f 1841/1115/1210 1856/1141/1210 1855/1139/1210 1840/1130/1210
f 1834/1117/1211 1849/1142/1211 1848/1140/1211 1833/1131/1211
f 1842/1116/1212 1857/1143/1212 1856/1141/1212 1841/1115/1212
f 1835/1118/1213 1850/1144/1213 1849/1142/1213 1834/1117/1213
f 1843/1119/1214 1858/1145/1214 1857/1143/1214 1842/1116/1214
f 1836/1120/1215 1851/1146/1215 1850/1144/1215 1835/1118/1215
f 1844/1121/1216 1859/1147/1216 1858/1145/1216 1843/1119/1216
f 1837/1122/1217 1852/1148/1217 1851/1146/1217 1836/1120/1217
f 1845/1123/1218 1860/1132/1218 1859/1147/1218 1844/1121/1218
f 1838/1124/1219 1853/1134/1219 1852/1148/1219 1837/1122/1219
f 1858/1145/1220 1873/1150/1220 1872/1149/1220 1857/1143/1220
f 1851/1146/1221 1866/1152/1221 1865/1151/1221 1850/1144/1221
f 1859/1147/1222 1874/1153/1222 1873/1150/1222 1858/1145/1222
f 1852/1148/1223 1867/1154/1223 1866/1152/1223 1851/1146/1223
f 1860/1132/1224 1875/1155/1224 1874/1153/1224 1859/1147/1224
f 1853/1134/1225 1868/1156/1225 1867/1154/1225 1852/1148/1225
f 1861/1133/1226 1876/1157/1226 1875/1155/1226 1860/1132/1226
f 1854/1135/1227 1869/1158/1227 1868/1156/1227 1853/1134/1227
f 1847/1137/1228 1862/1160/1228 1569/1159/1228
f 1576/1161/1229 1876/1157/1229 1861/1133/1229
f 1855/1139/1230 1870/1162/1230 1869/1158/1230 1854/1135/1230
f 1848/1140/1231 1863/1163/1231 1862/1160/1231 1847/1137/1231
f 1856/1141/1232 1871/1164/1232 1870/1162/1232 1855/1139/1232
f 1849/1142/1233 1864/1165/1233 1863/1163/1233 1848/1140/1233
f 1857/1143/1234 1872/1149/1234 1871/1164/1234 1856/1141/1234
f 1850/1144/1235 1865/1151/1235 1864/1165/1235 1849/1142/1235
f 1862/1160/1236 1877/1167/1236 1569/1166/1236
f 1576/1168/1237 1891/1169/1237 1876/1157/1237
f 1870/1162/1238 1885/1171/1238 1884/1170/1238 1869/1158/1238
f 1863/1163/1239 1878/1172/1239 1877/1167/1239 1862/1160/1239
f 1871/1164/1240 1886/1173/1240 1885/1171/1240 1870/1162/1240
f 1864/1165/1241 1879/1174/1241 1878/1172/1241 1863/1163/1241
f 1872/1149/1436 1887/1175/1436 1886/1173/1436 1871/1164/1436
f 1865/1151/1243 1880/1176/1243 1879/1174/1243 1864/1165/1243
f 1873/1150/1244 1888/1177/1244 1887/1175/1244 1872/1149/1244
f 1866/1152/1245 1881/1178/1245 1880/1176/1245 1865/1151/1245
f 1874/1153/1246 1889/1179/1246 1888/1177/1246 1873/1150/1246
f 1867/1154/1247 1882/1180/1247 1881/1178/1247 1866/1152/1247
f 1875/1155/1248 1890/1181/1248 1889/1179/1248 1874/1153/1248
f 1868/1156/1249 1883/1182/1249 1882/1180/1249 1867/1154/1249
f 1876/1157/1250 1891/1169/1250 1890/1181/1250 1875/1155/1250
f 1869/1158/1251 1884/1170/1251 1883/1182/1251 1868/1156/1251
f 1881/1178/1252 1896/1184/1252 1895/1183/1252 1880/1176/1252
f 1889/1179/1253 1904/1186/1253 1903/1185/1253 1888/1177/1253
f 1882/1180/1254 1897/1187/1254 1896/1184/1254 1881/1178/1254
f 1890/1181/1255 1905/1188/1255 1904/1186/1255 1889/1179/1255
f 1883/1182/1256 1898/1189/1256 1897/1187/1256 1882/1180/1256
f 1891/1169/1257 1906/1190/1257 1905/1188/1257 1890/1181/1257
f 1884/1170/1258 1899/1191/1258 1898/1189/1258 1883/1182/1258
f 1877/1167/1259 1892/1193/1259 1569/1192/1259
f 1576/1194/1260 1906/1190/1260 1891/1169/1260
f 1885/1171/1261 1900/1195/1261 1899/1191/1261 1884/1170/1261
f 1878/1172/1262 1893/1196/1262 1892/1193/1262 1877/1167/1262
f 1886/1173/1263 1901/1197/1263 1900/1195/1263 1885/1171/1263
f 1879/1174/1264 1894/1198/1264 1893/1196/1264 1878/1172/1264
f 1887/1175/1265 1902/1199/1265 1901/1197/1265 1886/1173/1265
f 1880/1176/1266 1895/1183/1266 1894/1198/1266 1879/1174/1266
f 1888/1177/1267 1903/1185/1267 1902/1199/1267 1887/1175/1267
f 1900/1195/1268 1915/1201/1268 1914/1200/1268 1899/1191/1268
f 1893/1196/1269 1908/1203/1269 1907/1202/1269 1892/1193/1269
f 1901/1197/1270 1916/1204/1270 1915/1201/1270 1900/1195/1270
f 1894/1198/1271 1909/1205/1271 1908/1203/1271 1893/1196/1271
f 1902/1199/1272 1917/1206/1272 1916/1204/1272 1901/1197/1272
f 1895/1183/1273 1910/1207/1273 1909/1205/1273 1894/1198/1273
f 1903/1185/1274 1918/1208/1274 1917/1206/1274 1902/1199/1274
f 1896/1184/1275 1911/1209/1275 1910/1207/1275 1895/1183/1275
f 1904/1186/1276 1919/1210/1276 1918/1208/1276 1903/1185/1276
f 1897/1187/1277 1912/1211/1277 1911/1209/1277 1896/1184/1277
f 1905/1188/1278 1920/1212/1278 1919/1210/1278 1904/1186/1278
f 1898/1189/1279 1913/1213/1279 1912/1211/1279 1897/1187/1279
f 1906/1190/1280 1921/1214/1280 1920/1212/1280 1905/1188/1280
f 1899/1191/1281 1914/1200/1281 1913/1213/1281 1898/1189/1281
f 1892/1193/1282 1907/1202/1282 1569/1215/1282
f 1576/1216/1283 1921/1214/1283 1906/1190/1283
f 1919/1210/1284 1934/1218/1284 1933/1217/1284 1918/1208/1284
f 1912/1211/1285 1927/1220/1285 1926/1219/1285 1911/1209/1285
f 1920/1212/1286 1935/1221/1286 1934/1218/1286 1919/1210/1286
f 1913/1213/1287 1928/1222/1287 1927/1220/1287 1912/1211/1287
f 1921/1214/1288 1936/1223/1288 1935/1221/1288 1920/1212/1288
f 1914/1200/1289 1929/1224/1289 1928/1222/1289 1913/1213/1289
f 1907/1202/1290 1922/1226/1290 1569/1225/1290
f 1576/1227/1291 1936/1223/1291 1921/1214/1291
f 1915/1201/1292 1930/1228/1292 1929/1224/1292 1914/1200/1292
f 1908/1203/1293 1923/1229/1293 1922/1226/1293 1907/1202/1293
f 1916/1204/1294 1931/1230/1294 1930/1228/1294 1915/1201/1294
f 1909/1205/1295 1924/1231/1295 1923/1229/1295 1908/1203/1295
f 1917/1206/1296 1932/1232/1296 1931/1230/1296 1916/1204/1296
f 1910/1207/1297 1925/1233/1297 1924/1231/1297 1909/1205/1297
f 1918/1208/1298 1933/1217/1298 1932/1232/1298 1917/1206/1298
f 1911/1209/1299 1926/1219/1299 1925/1233/1299 1910/1207/1299
f 1923/1234/1300 1938/1237/1300 1937/1236/1300 1922/1235/1300
f 1931/1238/1301 1946/1241/1301 1945/1240/1301 1930/1239/1301
f 1924/1242/1302 1939/1243/1302 1938/1237/1302 1923/1234/1302
f 1932/1244/1303 1947/1245/1303 1946/1241/1303 1931/1238/1303
f 1925/1246/1304 1940/1247/1304 1939/1243/1304 1924/1242/1304
f 1933/1248/1305 1948/1249/1305 1947/1245/1305 1932/1244/1305
f 1926/1250/1306 1941/1251/1306 1940/1247/1306 1925/1246/1306
f 1934/1252/1307 1949/1253/1307 1948/1249/1307 1933/1248/1307
f 1927/1254/1308 1942/1255/1308 1941/1251/1308 1926/1250/1308
f 1935/1256/1309 1950/1257/1309 1949/1253/1309 1934/1252/1309
f 1928/1258/1310 1943/1259/1310 1942/1255/1310 1927/1254/1310
f 1936/1260/1311 1951/1261/1311 1950/1257/1311 1935/1256/1311
f 1929/1262/1312 1944/1263/1312 1943/1259/1312 1928/1258/1312
f 1922/1235/1313 1937/1236/1313 1569/1264/1313
f 1576/1265/1314 1951/1261/1314 1936/1260/1314
f 1930/1239/1315 1945/1240/1315 1944/1263/1315 1929/1262/1315
f 1942/1255/1437 1957/1267/1437 1956/1266/1437 1941/1251/1437
f 1950/1257/1317 1965/1269/1317 1964/1268/1317 1949/1253/1317
f 1943/1259/1318 1958/1270/1318 1957/1267/1318 1942/1255/1318
f 1951/1261/1319 1966/1271/1319 1965/1269/1319 1950/1257/1319
f 1944/1263/1320 1959/1272/1320 1958/1270/1320 1943/1259/1320
f 1937/1236/1321 1952/1274/1321 1569/1273/1321
f 1576/1275/1322 1966/1271/1322 1951/1261/1322
f 1945/1240/1323 1960/1276/1323 1959/1272/1323 1944/1263/1323
f 1938/1237/1324 1953/1277/1324 1952/1274/1324 1937/1236/1324
f 1946/1241/1438 1961/1278/1438 1960/1276/1438 1945/1240/1438
f 1939/1243/1326 1954/1279/1326 1953/1277/1326 1938/1237/1326
f 1947/1245/1327 1962/1280/1327 1961/1278/1327 1946/1241/1327
f 1940/1247/1328 1955/1281/1328 1954/1279/1328 1939/1243/1328
f 1948/1249/1329 1963/1282/1329 1962/1280/1329 1947/1245/1329
f 1941/1251/1330 1956/1266/1330 1955/1281/1330 1940/1247/1330
f 1949/1253/1331 1964/1268/1331 1963/1282/1331 1948/1249/1331
f 1961/1278/1332 1976/1284/1332 1975/1283/1332 1960/1276/1332
f 1954/1279/1333 1969/1286/1333 1968/1285/1333 1953/1277/1333
f 1962/1280/1334 1977/1287/1334 1976/1284/1334 1961/1278/1334
f 1955/1281/1335 1970/1288/1335 1969/1286/1335 1954/1279/1335
f 1963/1282/1336 1978/1289/1336 1977/1287/1336 1962/1280/1336
f 1956/1266/1337 1971/1290/1337 1970/1288/1337 1955/1281/1337
f 1964/1268/1338 1979/1291/1338 1978/1289/1338 1963/1282/1338
f 1957/1267/1339 1972/1292/1339 1971/1290/1339 1956/1266/1339
f 1965/1269/1340 1980/1293/1340 1979/1291/1340 1964/1268/1340
f 1958/1270/1341 1973/1294/1341 1972/1292/1341 1957/1267/1341
f 1966/1271/1342 1981/1295/1342 1980/1293/1342 1965/1269/1342
f 1959/1272/1343 1974/1296/1343 1973/1294/1343 1958/1270/1343
f 1952/1274/1344 1967/1298/1344 1569/1297/1344
f 1576/1299/1345 1981/1295/1345 1966/1271/1345
f 1960/1276/1346 1975/1283/1346 1974/1296/1346 1959/1272/1346
f 1953/1277/1347 1968/1285/1347 1967/1298/1347 1952/1274/1347
f 1980/1293/1348 1995/1301/1348 1994/1300/1348 1979/1291/1348
f 1973/1294/1349 1988/1303/1349 1987/1302/1349 1972/1292/1349
f 1981/1295/1350 1996/1304/1350 1995/1301/1350 1980/1293/1350
f 1974/1296/1351 1989/1305/1351 1988/1303/1351 1973/1294/1351
f 1967/1298/1352 1982/1307/1352 1569/1306/1352
f 1576/1308/1353 1996/1304/1353 1981/1295/1353
f 1975/1283/1354 1990/1309/1354 1989/1305/1354 1974/1296/1354
f 1968/1285/1355 1983/1310/1355 1982/1307/1355 1967/1298/1355
f 1976/1284/1356 1991/1311/1356 1990/1309/1356 1975/1283/1356
f 1969/1286/1357 1984/1312/1357 1983/1310/1357 1968/1285/1357
f 1977/1287/1358 1992/1313/1358 1991/1311/1358 1976/1284/1358
f 1970/1288/1359 1985/1314/1359 1984/1312/1359 1969/1286/1359
f 1978/1289/1360 1993/1315/1360 1992/1313/1360 1977/1287/1360
f 1971/1290/1361 1986/1316/1361 1985/1314/1361 1970/1288/1361
f 1979/1291/1362 1994/1300/1362 1993/1315/1362 1978/1289/1362
f 1972/1292/1363 1987/1302/1363 1986/1316/1363 1971/1290/1363
f 1992/1313/1364 2007/1318/1364 2006/1317/1364 1991/1311/1364
f 1985/1314/1365 2000/1320/1365 1999/1319/1365 1984/1312/1365
f 1993/1315/1366 2008/1321/1366 2007/1318/1366 1992/1313/1366
f 1986/1316/1367 2001/1322/1367 2000/1320/1367 1985/1314/1367
f 1994/1300/1368 2009/1323/1368 2008/1321/1368 1993/1315/1368
f 1987/1302/1369 2002/1324/1369 2001/1322/1369 1986/1316/1369
f 1995/1301/1370 2010/1325/1370 2009/1323/1370 1994/1300/1370
f 1988/1303/1371 2003/1326/1371 2002/1324/1371 1987/1302/1371
f 1996/1304/1372 2011/1327/1372 2010/1325/1372 1995/1301/1372
f 1989/1305/1373 2004/1328/1373 2003/1326/1373 1988/1303/1373
f 1982/1307/1374 1997/1330/1374 1569/1329/1374
f 1576/1331/1375 2011/1327/1375 1996/1304/1375
f 1990/1309/1376 2005/1332/1376 2004/1328/1376 1989/1305/1376
f 1983/1310/1377 1998/1333/1377 1997/1330/1377 1982/1307/1377
f 1991/1311/1439 2006/1317/1439 2005/1332/1439 1990/1309/1439
f 1984/1312/1379 1999/1319/1379 1998/1333/1379 1983/1310/1379
f 2011/1327/1380 2026/1335/1380 2025/1334/1380 2010/1325/1380
f 2004/1328/1381 2019/1337/1381 2018/1336/1381 2003/1326/1381
f 1997/1330/1382 2012/1339/1382 1569/1338/1382
f 1576/1340/1383 2026/1335/1383 2011/1327/1383
f 2005/1332/1384 2020/1341/1384 2019/1337/1384 2004/1328/1384
f 1998/1333/1385 2013/1342/1385 2012/1339/1385 1997/1330/1385
f 2006/1317/1386 2021/1343/1386 2020/1341/1386 2005/1332/1386
f 1999/1319/1387 2014/1344/1387 2013/1342/1387 1998/1333/1387
f 2007/1318/1388 2022/1345/1388 2021/1343/1388 2006/1317/1388
f 2000/1320/1389 2015/1346/1389 2014/1344/1389 1999/1319/1389
f 2008/1321/1390 2023/1347/1390 2022/1345/1390 2007/1318/1390
f 2001/1322/1391 2016/1348/1391 2015/1346/1391 2000/1320/1391
f 2009/1323/1392 2024/1349/1392 2023/1347/1392 2008/1321/1392
f 2002/1324/1393 2017/1350/1393 2016/1348/1393 2001/1322/1393
f 2010/1325/1394 2025/1334/1394 2024/1349/1394 2009/1323/1394
f 2003/1326/1395 2018/1336/1395 2017/1350/1395 2002/1324/1395
f 2015/1346/1396 2030/1352/1396 2029/1351/1396 2014/1344/1396
f 2023/1347/1397 2038/1354/1397 2037/1353/1397 2022/1345/1397
f 2016/1348/1398 2031/1355/1398 2030/1352/1398 2015/1346/1398
f 2024/1349/1399 2039/1356/1399 2038/1354/1399 2023/1347/1399
f 2017/1350/1400 2032/1357/1400 2031/1355/1400 2016/1348/1400
f 2025/1334/1401 2040/1358/1401 2039/1356/1401 2024/1349/1401
f 2018/1336/1402 2033/1359/1402 2032/1357/1402 2017/1350/1402
f 2026/1335/1403 2041/1360/1403 2040/1358/1403 2025/1334/1403
f 2019/1337/1404 2034/1361/1404 2033/1359/1404 2018/1336/1404
f 2012/1339/1405 2027/1363/1405 1569/1362/1405
f 1576/1364/1406 2041/1360/1406 2026/1335/1406
f 2020/1341/1407 2035/1365/1407 2034/1361/1407 2019/1337/1407
f 2013/1342/1408 2028/1366/1408 2027/1363/1408 2012/1339/1408
f 2021/1343/1409 2036/1367/1409 2035/1365/1409 2020/1341/1409
f 2014/1344/1410 2029/1351/1410 2028/1366/1410 2013/1342/1410
f 2022/1345/1411 2037/1353/1411 2036/1367/1411 2021/1343/1411
f 2034/1361/1412 1573/815/1412 1572/816/1412 2033/1359/1412
f 2027/1363/1413 2042/819/1413 1569/1368/1413
f 1576/1369/1414 2050/811/1414 2041/1360/1414
f 2035/1365/1415 1574/823/1415 1573/815/1415 2034/1361/1415
f 2028/1366/1416 2043/825/1416 2042/819/1416 2027/1363/1416
f 2036/1367/1417 2046/827/1417 1574/823/1417 2035/1365/1417
f 2029/1351/1418 1570/829/1418 2043/825/1418 2028/1366/1418
f 2037/1353/1419 1575/831/1419 2046/827/1419 2036/1367/1419
f 2030/1352/1420 2044/833/1420 1570/829/1420 2029/1351/1420
f 2038/1354/1421 2047/835/1421 1575/831/1421 2037/1353/1421
f 2031/1355/1422 1571/837/1422 2044/833/1422 2030/1352/1422
f 2039/1356/1423 2048/839/1423 2047/835/1423 2038/1354/1423
f 2032/1357/1424 2045/841/1424 1571/837/1424 2031/1355/1424
f 2040/1358/1425 2049/812/1425 2048/839/1425 2039/1356/1425
f 2033/1359/1426 1572/816/1426 2045/841/1426 2032/1357/1426
f 2041/1360/1427 2050/811/1427 2049/812/1427 2040/1358/1427
o buildings
v 4.546360 4.117027 -0.554550
v 4.546360 5.967469 -0.554550
v 4.546360 4.117027 -0.697074
v 4.546360 5.967469 -0.697074
v 4.687571 4.117027 -0.554550
v 4.687571 5.967469 -0.554550
v 4.687571 4.117027 -0.697074
v 4.687571 5.967469 -0.697074
v 3.658544 4.287913 0.389521
v 3.658544 5.796632 0.389521
v 3.658544 4.287913 0.246997
v 3.658544 5.796632 0.246997
v 3.799754 4.287913 0.389521
v 3.799754 5.796632 0.389521
v 3.799754 4.287913 0.246997
v 3.799754 5.796632 0.246997
v 3.821358 4.139936 0.588277
v 3.821358 5.247741 0.588277
v 3.821358 4.139936 0.445753
v 3.821358 5.247741 0.445753
v 3.962568 4.139936 0.588277
v 3.962568 5.247741 0.588277
v 3.962568 4.139936 0.445753
v 3.962568 5.247741 0.445753
v 4.037468 4.064757 0.747452
v 4.037468 5.671578 0.747452
v 4.037468 4.064757 0.604929
v 4.037468 5.671578 0.604929
v 4.178678 4.064757 0.747452
v 4.178678 5.671578 0.747452
v 4.178678 4.064757 0.604929
v 4.178678 5.671578 0.604929
v 4.233719 4.209664 0.833133
v 4.233719 5.182622 0.833133
v 4.233719 4.209664 0.690609
v 4.233719 5.182622 0.690609
v 4.374929 4.209664 0.833133
v 4.374929 5.182622 0.833133
v 4.374929 4.209664 0.690609
v 4.374929 5.182622 0.690609
v 4.435520 4.064757 0.710963
v 4.435520 5.671578 0.710963
v 4.435520 4.064757 0.568439
v 4.435520 5.671578 0.568439
v 4.576730 4.064757 0.710963
v 4.576730 5.671578 0.710963
v 4.576730 4.064757 0.568439
v 4.576730 5.671578 0.568439
v 3.514484 4.222152 0.127856
v 3.514484 5.322488 0.127856
v 3.514484 4.222152 -0.014667
v 3.514484 5.322488 -0.014667
v 3.655694 4.222152 0.127856
v 3.655694 5.322488 0.127856
v 3.655694 4.222152 -0.014667
v 3.655694 5.322488 -0.014667
v 4.621547 4.204244 0.603537
v 4.621547 5.532092 0.603537
v 4.621547 4.204244 0.461014
v 4.621547 5.532092 0.461014
v 4.762757 4.204244 0.603537
v 4.762757 5.532092 0.603537
v 4.762757 4.204244 0.461014
v 4.762757 5.532092 0.461014
v 4.805579 4.178164 0.522637
v 4.805579 5.162138 0.522637
v 4.805579 4.178164 0.380114
v 4.805579 5.162138 0.380114
v 4.946789 4.178164 0.522637
v 4.946789 5.162138 0.522637
v 4.946789 4.178164 0.380114
v 4.946789 5.162138 0.380114
v 4.912460 4.117027 0.336264
v 4.912460 5.967469 0.336264
v 4.912460 4.117027 0.193741
v 4.912460 5.967469 0.193741
v 5.053670 4.117027 0.336264
v 5.053670 5.967469 0.336264
v 5.053670 4.117027 0.193741
v 5.053670 5.967469 0.193741
v 3.727246 4.117027 -0.115334
v 3.727246 5.967469 -0.115334
v 3.727246 4.117027 -0.257857
v 3.727246 5.967469 -0.257857
v 3.868456 4.117027 -0.115334
v 3.868456 5.967469 -0.115334
v 3.868456 4.117027 -0.257857
v 3.868456 5.967469 -0.257857
v 4.756325 4.083589 0.176832
v 4.756325 5.799546 0.176832
v 4.756325 4.083589 0.034308
v 4.756325 5.799546 0.034308
v 4.897535 4.083589 0.176832
v 4.897535 5.799546 0.176832
v 4.897535 4.083589 0.034308
v 4.897535 5.799546 0.034308
v 3.902986 4.064757 -0.355555
v 3.902986 5.671578 -0.355555
v 3.902986 4.064757 -0.498079
v 3.902986 5.671578 -0.498079
v 4.044196 4.064757 -0.355555
v 4.044196 5.671578 -0.355555
v 4.044196 4.064757 -0.498079
v 4.044196 5.671578 -0.498079
v 3.595042 4.239401 -0.379202
v 3.595042 6.215097 -0.379202
v 3.595042 4.239401 -0.521725
v 3.595042 6.215097 -0.521725
v 3.736252 4.239401 -0.379202
v 3.736252 6.215097 -0.379202
v 3.736252 4.239401 -0.521725
v 3.736252 6.215097 -0.521725
v 5.024816 4.199132 0.140489
v 5.024816 5.007586 0.140489
v 5.024816 4.199132 -0.002035
v 5.024816 5.007586 -0.002035
v 5.166026 4.199132 0.140489
v 5.166026 5.007586 0.140489
v 5.166026 4.199132 -0.002035
v 5.166026 5.007586 -0.002035
v 4.638067 3.988696 -0.202452
v 4.638067 6.481300 -0.202452
v 4.638067 3.988696 -0.344975
v 4.638067 6.481300 -0.344975
v 4.779277 3.988696 -0.202452
v 4.779277 6.481300 -0.202452
v 4.779277 3.988696 -0.344975
v 4.779277 6.481300 -0.344975
v 4.997352 4.146237 -0.103613
v 4.997352 6.323758 -0.103613
v 4.997352 4.146237 -0.246137
v 4.997352 6.323758 -0.246137
v 5.138562 4.146237 -0.103613
v 5.138562 6.323758 -0.103613
v 5.138562 4.146237 -0.246137
v 5.138562 6.323758 -0.246137
v 4.841046 4.209250 -0.360780
v 4.841046 6.085044 -0.360780
v 4.841046 4.209250 -0.503303
v 4.841046 6.085044 -0.503303
v 4.982256 4.209250 -0.360780
v 4.982256 6.085044 -0.360780
v 4.982256 4.209250 -0.503303
v 4.982256 6.085044 -0.503303
v 3.871589 4.066492 -0.581418
v 3.871589 6.559096 -0.581418
v 3.871589 4.066492 -0.723942
v 3.871589 6.559096 -0.723942
v 4.012799 4.066492 -0.581418
v 4.012799 6.559096 -0.581418
v 4.012799 4.066492 -0.723942
v 4.012799 6.559096 -0.723942
v 4.100996 4.209250 -0.511588
v 4.100996 6.085044 -0.511588
v 4.100996 4.209250 -0.654111
v 4.100996 6.085044 -0.654111
v 4.242206 4.209250 -0.511588
v 4.242206 6.085044 -0.511588
v 4.242206 4.209250 -0.654111
v 4.242206 6.085044 -0.654111
v 4.317087 4.146237 -0.565184
v 4.317087 6.323758 -0.565184
v 4.317087 4.146237 -0.707708
v 4.317087 6.323758 -0.707708
v 4.458297 4.146237 -0.565184
v 4.458297 6.323758 -0.565184
v 4.458297 4.146237 -0.707708
v 4.458297 6.323758 -0.707708
v 3.771066 4.064757 0.076436
v 3.771066 5.671578 0.076436
v 3.771066 4.064757 -0.066088
v 3.771066 5.671578 -0.066088
v 3.912277 4.064757 0.076436
v 3.912277 5.671578 0.076436
v 3.912277 4.064757 -0.066088
v 3.912277 5.671578 -0.066088
vn -1.0000 -0.0000 -0.0000
vn -0.0000 -0.0000 -1.0000
vn 1.0000 -0.0000 -0.0000
vn -0.0000 -0.0000 1.0000
vn -0.0000 -1.0000 -0.0000
vn -0.0000 1.0000 -0.0000
vt 0.375000 0.000000
vt 0.625000 0.000000
vt 0.625000 0.250000
vt 0.375000 0.250000
vt 0.625000 0.500000
vt 0.375000 0.500000
vt 0.625000 0.750000
vt 0.375000 0.750000
vt 0.625000 1.000000
vt 0.375000 1.000000
vt 0.125000 0.500000
vt 0.125000 0.750000
vt 0.875000 0.500000
vt 0.875000 0.750000
s 0
usemtl Material.002
f 2051/1370/1440 2052/1371/1440 2054/1372/1440 2053/1373/1440
f 2053/1373/1441 2054/1372/1441 2058/1374/1441 2057/1375/1441
f 2057/1375/1442 2058/1374/1442 2056/1376/1442 2055/1377/1442
f 2055/1377/1443 2056/1376/1443 2052/1378/1443 2051/1379/1443
f 2053/1380/1444 2057/1375/1444 2055/1377/1444 2051/1381/1444
f 2058/1374/1445 2054/1382/1445 2052/1383/1445 2056/1376/1445
f 2059/1370/1440 2060/1371/1440 2062/1372/1440 2061/1373/1440
f 2061/1373/1441 2062/1372/1441 2066/1374/1441 2065/1375/1441
f 2065/1375/1442 2066/1374/1442 2064/1376/1442 2063/1377/1442
f 2063/1377/1443 2064/1376/1443 2060/1378/1443 2059/1379/1443
f 2061/1380/1444 2065/1375/1444 2063/1377/1444 2059/1381/1444
f 2066/1374/1445 2062/1382/1445 2060/1383/1445 2064/1376/1445
f 2067/1370/1440 2068/1371/1440 2070/1372/1440 2069/1373/1440
f 2069/1373/1441 2070/1372/1441 2074/1374/1441 2073/1375/1441
f 2073/1375/1442 2074/1374/1442 2072/1376/1442 2071/1377/1442
f 2071/1377/1443 2072/1376/1443 2068/1378/1443 2067/1379/1443
f 2069/1380/1444 2073/1375/1444 2071/1377/1444 2067/1381/1444
f 2074/1374/1445 2070/1382/1445 2068/1383/1445 2072/1376/1445
f 2075/1370/1440 2076/1371/1440 2078/1372/1440 2077/1373/1440
f 2077/1373/1441 2078/1372/1441 2082/1374/1441 2081/1375/1441
f 2081/1375/1442 2082/1374/1442 2080/1376/1442 2079/1377/1442
f 2079/1377/1443 2080/1376/1443 2076/1378/1443 2075/1379/1443
f 2077/1380/1444 2081/1375/1444 2079/1377/1444 2075/1381/1444
f 2082/1374/1445 2078/1382/1445 2076/1383/1445 2080/1376/1445
f 2083/1370/1440 2084/1371/1440 2086/1372/1440 2085/1373/1440
f 2085/1373/1441 2086/1372/1441 2090/1374/1441 2089/1375/1441
f 2089/1375/1442 2090/1374/1442 2088/1376/1442 2087/1377/1442
f 2087/1377/1443 2088/1376/1443 2084/1378/1443 2083/1379/1443
f 2085/1380/1444 2089/1375/1444 2087/1377/1444 2083/1381/1444
f 2090/1374/1445 2086/1382/1445 2084/1383/1445 2088/1376/1445
f 2091/1370/1440 2092/1371/1440 2094/1372/1440 2093/1373/1440
f 2093/1373/1441 2094/1372/1441 2098/1374/1441 2097/1375/1441
f 2097/1375/1442 2098/1374/1442 2096/1376/1442 2095/1377/1442
f 2095/1377/1443 2096/1376/1443 2092/1378/1443 2091/1379/1443
f 2093/1380/1444 2097/1375/1444 2095/1377/1444 2091/1381/1444
f 2098/1374/1445 2094/1382/1445 2092/1383/1445 2096/1376/1445
f 2099/1370/1440 2100/1371/1440 2102/1372/1440 2101/1373/1440
f 2101/1373/1441 2102/1372/1441 2106/1374/1441 2105/1375/1441
f 2105/1375/1442 2106/1374/1442 2104/1376/1442 2103/1377/1442
f 2103/1377/1443 2104/1376/1443 2100/1378/1443 2099/1379/1443
f 2101/1380/1444 2105/1375/1444 2103/1377/1444 2099/1381/1444
f 2106/1374/1445 2102/1382/1445 2100/1383/1445 2104/1376/1445
f 2107/1370/1440 2108/1371/1440 2110/1372/1440 2109/1373/1440
f 2109/1373/1441 2110/1372/1441 2114/1374/1441 2113/1375/1441
f 2113/1375/1442 2114/1374/1442 2112/1376/1442 2111/1377/1442
f 2111/1377/1443 2112/1376/1443 2108/1378/1443 2107/1379/1443
f 2109/1380/1444 2113/1375/1444 2111/1377/1444 2107/1381/1444
f 2114/1374/1445 2110/1382/1445 2108/1383/1445 2112/1376/1445
f 2115/1370/1440 2116/1371/1440 2118/1372/1440 2117/1373/1440
f 2117/1373/1441 2118/1372/1441 2122/1374/1441 2121/1375/1441
f 2121/1375/1442 2122/1374/1442 2120/1376/1442 2119/1377/1442
f 2119/1377/1443 2120/1376/1443 2116/1378/1443 2115/1379/1443
f 2117/1380/1444 2121/1375/1444 2119/1377/1444 2115/1381/1444
f 2122/1374/1445 2118/1382/1445 2116/1383/1445 2120/1376/1445
f 2123/1370/1440 2124/1371/1440 2126/1372/1440 2125/1373/1440
f 2125/1373/1441 2126/1372/1441 2130/1374/1441 2129/1375/1441
f 2129/1375/1442 2130/1374/1442 2128/1376/1442 2127/1377/1442
f 2127/1377/1443 2128/1376/1443 2124/1378/1443 2123/1379/1443
f 2125/1380/1444 2129/1375/1444 2127/1377/1444 2123/1381/1444
f 2130/1374/1445 2126/1382/1445 2124/1383/1445 2128/1376/1445
f 2131/1370/1440 2132/1371/1440 2134/1372/1440 2133/1373/1440
f 2133/1373/1441 2134/1372/1441 2138/1374/1441 2137/1375/1441
f 2137/1375/1442 2138/1374/1442 2136/1376/1442 2135/1377/1442
f 2135/1377/1443 2136/1376/1443 2132/1378/1443 2131/1379/1443
f 2133/1380/1444 2137/1375/1444 2135/1377/1444 2131/1381/1444
f 2138/1374/1445 2134/1382/1445 2132/1383/1445 2136/1376/1445
f 2139/1370/1440 2140/1371/1440 2142/1372/1440 2141/1373/1440
f 2141/1373/1441 2142/1372/1441 2146/1374/1441 2145/1375/1441
f 2145/1375/1442 2146/1374/1442 2144/1376/1442 2143/1377/1442
f 2143/1377/1443 2144/1376/1443 2140/1378/1443 2139/1379/1443
f 2141/1380/1444 2145/1375/1444 2143/1377/1444 2139/1381/1444
f 2146/1374/1445 2142/1382/1445 2140/1383/1445 2144/1376/1445
f 2147/1370/1440 2148/1371/1440 2150/1372/1440 2149/1373/1440
f 2149/1373/1441 2150/1372/1441 2154/1374/1441 2153/1375/1441
f 2153/1375/1442 2154/1374/1442 2152/1376/1442 2151/1377/1442
f 2151/1377/1443 2152/1376/1443 2148/1378/1443 2147/1379/1443
f 2149/1380/1444 2153/1375/1444 2151/1377/1444 2147/1381/1444
f 2154/1374/1445 2150/1382/1445 2148/1383/1445 2152/1376/1445
f 2155/1370/1440 2156/1371/1440 2158/1372/1440 2157/1373/1440
f 2157/1373/1441 2158/1372/1441 2162/1374/1441 2161/1375/1441
f 2161/1375/1442 2162/1374/1442 2160/1376/1442 2159/1377/1442
f 2159/1377/1443 2160/1376/1443 2156/1378/1443 2155/1379/1443
f 2157/1380/1444 2161/1375/1444 2159/1377/1444 2155/1381/1444
f 2162/1374/1445 2158/1382/1445 2156/1383/1445 2160/1376/1445
f 2163/1370/1440 2164/1371/1440 2166/1372/1440 2165/1373/1440
f 2165/1373/1441 2166/1372/1441 2170/1374/1441 2169/1375/1441
f 2169/1375/1442 2170/1374/1442 2168/1376/1442 2167/1377/1442
f 2167/1377/1443 2168/1376/1443 2164/1378/1443 2163/1379/1443
f 2165/1380/1444 2169/1375/1444 2167/1377/1444 2163/1381/1444
f 2170/1374/1445 2166/1382/1445 2164/1383/1445 2168/1376/1445
f 2171/1370/1440 2172/1371/1440 2174/1372/1440 2173/1373/1440
f 2173/1373/1441 2174/1372/1441 2178/1374/1441 2177/1375/1441
f 2177/1375/1442 2178/1374/1442 2176/1376/1442 2175/1377/1442
f 2175/1377/1443 2176/1376/1443 2172/1378/1443 2171/1379/1443
f 2173/1380/1444 2177/1375/1444 2175/1377/1444 2171/1381/1444
f 2178/1374/1445 2174/1382/1445 2172/1383/1445 2176/1376/1445
f 2179/1370/1440 2180/1371/1440 2182/1372/1440 2181/1373/1440
f 2181/1373/1441 2182/1372/1441 2186/1374/1441 2185/1375/1441
f 2185/1375/1442 2186/1374/1442 2184/1376/1442 2183/1377/1442
f 2183/1377/1443 2184/1376/1443 2180/1378/1443 2179/1379/1443
f 2181/1380/1444 2185/1375/1444 2183/1377/1444 2179/1381/1444
f 2186/1374/1445 2182/1382/1445 2180/1383/1445 2184/1376/1445
f 2187/1370/1440 2188/1371/1440 2190/1372/1440 2189/1373/1440
f 2189/1373/1441 2190/1372/1441 2194/1374/1441 2193/1375/1441
f 2193/1375/1442 2194/1374/1442 2192/1376/1442 2191/1377/1442
f 2191/1377/1443 2192/1376/1443 2188/1378/1443 2187/1379/1443
f 2189/1380/1444 2193/1375/1444 2191/1377/1444 2187/1381/1444
f 2194/1374/1445 2190/1382/1445 2188/1383/1445 2192/1376/1445
f 2195/1370/1440 2196/1371/1440 2198/1372/1440 2197/1373/1440
f 2197/1373/1441 2198/1372/1441 2202/1374/1441 2201/1375/1441
f 2201/1375/1442 2202/1374/1442 2200/1376/1442 2199/1377/1442
f 2199/1377/1443 2200/1376/1443 2196/1378/1443 2195/1379/1443
f 2197/1380/1444 2201/1375/1444 2199/1377/1444 2195/1381/1444
f 2202/1374/1445 2198/1382/1445 2196/1383/1445 2200/1376/1445
f 2203/1370/1440 2204/1371/1440 2206/1372/1440 2205/1373/1440
f 2205/1373/1441 2206/1372/1441 2210/1374/1441 2209/1375/1441
f 2209/1375/1442 2210/1374/1442 2208/1376/1442 2207/1377/1442
f 2207/1377/1443 2208/1376/1443 2204/1378/1443 2203/1379/1443
f 2205/1380/1444 2209/1375/1444 2207/1377/1444 2203/1381/1444
f 2210/1374/1445 2206/1382/1445 2204/1383/1445 2208/1376/1445
f 2211/1370/1440 2212/1371/1440 2214/1372/1440 2213/1373/1440
f 2213/1373/1441 2214/1372/1441 2218/1374/1441 2217/1375/1441
f 2217/1375/1442 2218/1374/1442 2216/1376/1442 2215/1377/1442
f 2215/1377/1443 2216/1376/1443 2212/1378/1443 2211/1379/1443
f 2213/1380/1444 2217/1375/1444 2215/1377/1444 2211/1381/1444
f 2218/1374/1445 2214/1382/1445 2212/1383/1445 2216/1376/1445
f 2219/1370/1440 2220/1371/1440 2222/1372/1440 2221/1373/1440
f 2221/1373/1441 2222/1372/1441 2226/1374/1441 2225/1375/1441
f 2225/1375/1442 2226/1374/1442 2224/1376/1442 2223/1377/1442
f 2223/1377/1443 2224/1376/1443 2220/1378/1443 2219/1379/1443
f 2221/1380/1444 2225/1375/1444 2223/1377/1444 2219/1381/1444
f 2226/1374/1445 2222/1382/1445 2220/1383/1445 2224/1376/1445
